,_id,content,from,url,zhuti
0,584e4e8c2face0273c7545c5,细菌 水 血压 血糖 病毒 避孕套 高血压 疫苗 乳胶 石榴 口水 玻璃杯 厕所 流口水 肾 血脂 脂肪 用纸 厨房,丁香园,/faq/8015,栏目 · 来问（七）
1,584e4e8d2face0273c7545c6,病 肠 蛋白质 脂肪 碳水化合物 摄食 经口 胃肠道,丁香园,/faq/6388,阿尔茨海默病（老年痴呆）之怎么吃
2,584e4e8e2face0273c7545c7,病 脑 患病率 老年人 药 精神 高血压 情绪 病患者 记忆力 铝 精神病 量表 事物,丁香园,/faq/4828,阿尔茨海默病
3,584e4e8f2face0273c7545c8,孩子 口服 药 鼻塞 体重,丁香园,/faq/3833,艾畅
4,584e4e912face0273c7545c9,艾滋病 病毒 抗病毒 抗体,丁香园,/faq/4401,艾滋病
5,584e4e922face0273c7545ca,疼痛 癌痛 止痛药 肿瘤,丁香园,/faq/4249,癌性疼痛
6,584e4e932face0273c7545cb,噻嗪 类药物 氢氯 血管 肌酐,丁香园,/faq/4685,安博诺
7,584e4e942face0273c7545cc,高血压 利尿剂 时 钾 血管 血清 血压 降血压,丁香园,/faq/4765,安博维（厄贝沙坦片）用药问答
8,584e4e962face0273c7545cd,鼻窦炎 鼻腔 鼻窦 鼻炎,丁香园,/faq/2447,鼻窦炎
9,584e4e972face0273c7545ce,鼻炎 鼻腔 过敏性 鼻塞 嗅觉,丁香园,/faq/2512,鼻炎
10,584e4e982face0273c7545cf,鼻息肉 鼻腔 鼻炎 鼻窦 息肉,丁香园,/faq/5387,鼻息肉
11,584e4e992face0273c7545d0,鼻咽癌 肿瘤 颈部 淋巴结 鼻咽,丁香园,/faq/2266,鼻咽癌
12,584e4e9a2face0273c7545d1,鼻出血 鼻腔 血管 血液 鼻孔,丁香园,/faq/6254,鼻出血
13,584e4e9b2face0273c7545d2,鼻中隔 偏曲 鼻塞,丁香园,/faq/3254,鼻中隔偏曲
14,584e4e9c2face0273c7545d3,性 垂体 综合征 月经 下丘脑 卵巢 孕激素 激素,丁香园,/faq/4205,闭经
15,584e4e9e2face0273c7545d4,避孕药 女性 节育器 避孕套 精子 月经 结扎术 输精管,丁香园,/faq/5597,避孕问答
16,584e4e9f2face0273c7545d5,避孕药 胚胎 性生活,丁香园,/faq/3340,避孕失败
17,584e4ea02face0273c7545d6,伤口 蜇伤 时 用药 海域,丁香园,/faq/4861,被海洋生物咬伤（诊后须知）
18,584e4ea12face0273c7545d7,钙 补钙 孩子 缺钙 母乳,丁香园,/faq/4293,补钙
19,584e4ea22face0273c7545d8,百草 枯 血液 皮肤,丁香园,/faq/6743,百草枯中毒
20,584e4ea32face0273c7545d9,百日咳,丁香园,/faq/3284,百日咳
21,584e4ea42face0273c7545da,白血病 细胞 化疗 骨髓,丁香园,/faq/2619,白血病
22,584e4ea62face0273c7545db,白细胞 粒细胞,丁香园,/faq/5733,白细胞减少
23,584e4ea72face0273c7545dc,白癜风 白斑 皮肤 色素 儿童 疗法,丁香园,/faq/2054,白癜风
24,584e4ea82face0273c7545dd,月牙 指甲,丁香园,/faq/3064,白月牙
25,584e4ea92face0273c7545de,白带 阴道 外阴 炎症 白细胞 量,丁香园,/faq/3867,白带异常
26,584e4eab2face0273c7545df,皮肤 口腔 生殖器 血管 疼痛 消化道 部位 眼部 眼,丁香园,/faq/5326,白塞病
27,584e4eac2face0273c7545e0,头发 遗传性 染发剂 毛囊 黑素 皮肤 先天性 精神 压力,丁香园,/faq/2460,白发
28,584e4ead2face0273c7545e1,白化病 皮肤,丁香园,/faq/4144,白化病
29,584e4eae2face0273c7545e2,伪麻黄碱 肝肾 盐酸 鼻塞 黑片 流鼻涕 用药 日用 夜用片,丁香园,/faq/3831,白加黑
30,584e4eaf2face0273c7545e3,白内障 视力 先天性,丁香园,/faq/2061,白内障
31,584e4eb02face0273c7545e4,肝炎 病毒 乙肝 肝脏 病毒性,丁香园,/faq/2062,病毒性肝炎
32,584e4eb12face0273c7545e5,玻璃体 视网膜 血管,丁香园,/faq/2456,玻璃体积血
33,584e4eb32face0273c7545e6,玻 尿酸,丁香园,/faq/3751,玻尿酸
34,584e4eb42face0273c7545e7,水肿 血压 低血压 时 高血压 二者 血浆 头痛 踝关节,丁香园,/faq/4767,拜新同（硝苯地平控释片）
35,584e4eb52face0273c7545e8,牙齿 智齿 牙 疼痛 口腔 神经 麻药 感觉 骨头 患牙 时,丁香园,/faq/4402,拔牙
36,584e4eb62face0273c7545e9,扁桃体 扁桃体炎 急性 咽部 儿童 脓肿 腺样体 时,丁香园,/faq/2397,扁桃体炎
37,584e4eb72face0273c7545ea,肌肉 疼痛 鞋 防线 韧带 时 畸形 胫骨 弹性 骨骼 拖鞋 高跟鞋 获得性 局部 小腿 先天性 肌腱 儿童 踝关节,丁香园,/faq/4085,扁平足
38,584e4eb82face0273c7545eb,扁平疣 病毒 乳头,丁香园,/faq/2516,扁平疣
39,584e4eb92face0273c7545ec,囊肿 前庭,丁香园,/faq/6009,巴氏腺囊肿
40,584e4ebb2face0273c7545ed,钠 孩子 吃盐,丁香园,/faq/1560,宝宝吃盐
41,584e4ebc2face0273c7545ee,半月板 膝关节 关节,丁香园,/faq/2898,半月板损伤
42,584e4ebd2face0273c7545ef,肺 包虫病 包虫 狗 囊肿 宿主,丁香园,/faq/3609,包虫病
43,584e4ebe2face0273c7545f0,包皮 包茎,丁香园,/faq/2285,包茎
44,584e4ebf2face0273c7545f1,包皮 龟头炎,丁香园,/faq/2526,包皮龟头炎
45,584e4ec02face0273c7545f2,包皮 过长 阴茎,丁香园,/faq/2996,包皮过长
46,584e4ec22face0273c7545f3,阴茎 海绵体 装置 性生活 动脉 静脉 性 效果 心理 男性,丁香园,/faq/2453,勃起功能障碍
47,584e4ec32face0273c7545f4,性皮炎 皮肤 银屑病,丁香园,/faq/3859,剥脱性皮炎
48,584e4ec42face0273c7545f5,头痛 大脑 疼痛,丁香园,/faq/3179,冰淇淋头痛
49,584e4ec52face0273c7545f6,乐克片 服药 血压 降压药 缓释片,丁香园,/faq/4686,倍他乐克（酒石酸美托洛尔片）
50,584e4ec62face0273c7545f7,时 胃肠道 消化道 肛裂 血 血液 痔疮 肛门 肉眼 溃疡 急性 肝硬化 样 鲜血 肠道,丁香园,/faq/4207,便血
51,584e4ec72face0273c7545f8,泻药 肠道 功能性 粪便 蜂蜜 习惯 膳食 肠 老年人 精神 肉毒 肛裂 杆菌 直肠 痔疮 儿童 孕妇 药 结肠 纤维素 润肠,丁香园,/faq/2265,便秘
52,584e4ec82face0273c7545f9,丙肝 病毒 肝脏 抗病毒 抗体 感染者 肝硬化,丁香园,/faq/2618,丙型病毒性肝炎
53,584e4eca2face0273c7545fa,心绞痛 稳定型 冠脉,丁香园,/faq/5327,不稳定型心绞痛
54,584e4ecb2face0273c7545fb,综合征 腿 肢体,丁香园,/faq/7215,不宁腿综合征
55,584e4ecc2face0273c7545fc,输卵管 卵巢 内膜 精子 不孕症 黄体 女性 异位症 宫颈,丁香园,/faq/2867,不孕症
56,584e4ecd2face0273c7545fd,女性 肿瘤 月经 类药物 内膜 口服 乳房 孕激素 绝经期 阴道 卵巢 炔雌醚 乳腺 素 乳腺癌 肝脏,丁香园,/faq/4635,雌激素
57,584e4ece2face0273c7545fe,畸形 错颌 天 地包,丁香园,/faq/6011,错颌畸形
58,584e4ecf2face0273c7545ff,车祸 疼痛 视力 情绪,丁香园,/faq/4862,车祸伤（诊后须知）
59,584e4ed02face0273c754600,蚕豆 蚕豆病 贫血 病患者 红细胞 制品 溶血性 患病,丁香园,/faq/3128,蚕豆病
60,584e4ed12face0273c754601,肠 镜检查 肠镜,丁香园,/faq/4945,肠镜
61,584e4ed32face0273c754602,肠系膜 淋巴腺 淋巴结 炎,丁香园,/faq/3974,肠系膜淋巴腺炎
62,584e4ed42face0273c754603,肠梗阻 肠道 肠管 腹腔,丁香园,/faq/3782,肠梗阻
63,584e4ed52face0273c754604,综合征 肠 肠道,丁香园,/faq/2513,肠易激综合征
64,584e4ed62face0273c754605,肠 肠管 盲肠 肠梗阻,丁香园,/faq/4137,肠扭转
65,584e4ed72face0273c754606,息肉 肠,丁香园,/faq/3313,肠息肉
66,584e4ed82face0273c754607,肠套叠 肠管 患儿 放射学,丁香园,/faq/3455,肠套叠
67,584e4eda2face0273c754608,病 变性 精神 血管性 护理 记忆力 神经 颞叶 障碍 语言 路易 体 记忆 额 风险 亲人,丁香园,/faq/2750,痴呆
68,584e4edb2face0273c754609,痤疮 皮肤 疤痕 毛囊 性 皮脂腺 瘢痕,丁香园,/faq/2620,痤疮
69,584e4edc2face0273c75460a,皮肤 局部 部位 关节 血肿 肌肉 时 开放性,丁香园,/faq/4524,挫伤
70,584e4edd2face0273c75460b,抽脂 脂肪 局部 皮肤 脂 部位 脂术,丁香园,/faq/4542,抽脂手术
71,584e4ede2face0273c75460c,肌肉 缺钙 补钙,丁香园,/faq/3269,抽筋
72,584e4edf2face0273c75460d,癫痫 时 孩子 意识 大脑 状态 小儿 指 脑电图 肌肉 血,丁香园,/faq/4530,抽搐
73,584e4ee12face0273c75460e,障碍 孩子 患儿,丁香园,/faq/4572,抽动
74,584e4ee22face0273c75460f,成骨 骨折 畸形 骨头 髓内 双膦 瓷娃娃,丁香园,/faq/5807,成骨不全症（瓷娃娃病）
75,584e4ee32face0273c754610,病 成人 关节炎 皮疹 关节 关节痛 淋巴结 咽痛,丁香园,/faq/2778,成人 still 病
76,584e4ee42face0273c754611,病 孩子 瘤 丙种球蛋白,丁香园,/faq/3225,川崎病
77,584e4ee52face0273c754612,宠物,丁香园,/faq/3432,宠物
78,584e4ee62face0273c754613,唇裂 畸形 腭裂 患儿 胎儿,丁香园,/faq/2521,唇裂
79,584e4ee82face0273c754614,口角炎 嘴唇 皮肤 口角 时 性 黏膜 菌群 大片 区 红色,丁香园,/faq/2527,唇炎
80,584e4ee92face0273c754615,脑出血 脑 创伤性 血肿 脑组织 脑水肿 时 颅骨 脑脊液,丁香园,/faq/4404,创伤性脑出血
81,584e4eea2face0273c754616,传染性 单核细胞 病毒 器官 肝 时,丁香园,/faq/3352,传染性单核细胞增多症
82,584e4eeb2face0273c754617,产褥 时 产后 阴道 产妇 病原体 性生活 炎症,丁香园,/faq/4438,产褥感染
83,584e4eec2face0273c754618,产后 浆液 血性 月经 颜色 量 腹痛,丁香园,/faq/4629,产后恶露
84,584e4eed2face0273c754619,产后 胎盘 产妇 阴道,丁香园,/faq/3094,产后出血
85,584e4eee2face0273c75461a,头痛 性,丁香园,/faq/7214,丛集性头痛
86,584e4ef02face0273c75461b,感觉 习惯 效果,丁香园,/faq/3570,锻炼时间
87,584e4ef12face0273c75461c,蛋白质 蛋白粉 普通人,丁香园,/faq/3403,蛋白粉
88,584e4ef22face0273c75461d,蛋白尿 尿蛋白 蛋白质 尿,丁香园,/faq/4772,蛋白尿
89,584e4ef32face0273c75461e,胆道 肿瘤,丁香园,/faq/6909,胆道狭窄
90,584e4ef52face0273c75461f,胆管癌 肝 胆管,丁香园,/faq/4902,胆管癌
91,584e4ef62face0273c754620,胆管炎 胆管 急性 胆道 胆汁,丁香园,/faq/3787,胆管炎
92,584e4ef72face0273c754621,胆管 胆道,丁香园,/faq/6506,胆管扩张
93,584e4ef82face0273c754622,胆汁 淤积 肝病,丁香园,/faq/3903,胆汁淤积
94,584e4efa2face0273c754623,胆囊 结石 胆汁 胆管 胆道 胆囊炎 胆固醇,丁香园,/faq/3236,胆囊结石病
95,584e4efb2face0273c754624,胆囊癌 胆囊 肿瘤 化疗,丁香园,/faq/2525,胆囊癌
96,584e4efc2face0273c754625,胆囊 胆囊炎 急性 胆汁,丁香园,/faq/2514,胆囊炎
97,584e4efd2face0273c754626,胆囊 息肉 腹腔镜 胆固醇 内镜,丁香园,/faq/2065,胆囊息肉
98,584e4efe2face0273c754627,心动过速 心率 心脏 心脏病 时,丁香园,/faq/4046,窦性心律失常
99,584e4eff2face0273c754628,碘 克汀病 尿 智力 激素 碘缺乏病,丁香园,/faq/4208,碘缺乏症
100,584e4f012face0273c754629,脑缺血 动脉 血管 风险 障碍 血糖 高血压 期 血压 栓子 脑梗死 糖尿病 综合征 血流,丁香园,/faq/3805,短暂性脑缺血发作
101,584e4f022face0273c75462a,蚊子 皮疹 蚊 花斑 病毒 指数 流行性 血清 场所 抗体 缸 登革热病 花盆 季节 麻疹 图,丁香园,/faq/2894,登革热
102,584e4f032face0273c75462b,癫痫 大脑 抗癫痫 脑电图 孩子 性,丁香园,/faq/2066,癫痫
103,584e4f042face0273c75462c,电 肌肉 瘢痕 创面 电流 疤痕 局部 血管 电弧,丁香园,/faq/4637,电烧伤
104,584e4f052face0273c75462d,电复 心脏 电极 时 心室 心房 心动过速 植入术 房室 心电图 综合征 房颤,丁香园,/faq/5233,电复律和起搏治疗
105,584e4f062face0273c75462e,氮质 血症 肾脏 肾小球,丁香园,/faq/4145,氮质血症
106,584e4f082face0273c75462f,时 通气 气道 气流 心血管 急性,丁香园,/faq/3761,打鼾
107,584e4f092face0273c754630,耳洞 红肿 稿件,丁香园,/faq/3559,打耳洞
108,584e4f0a2face0273c754631,带状疱疹 神经痛 疼痛,丁香园,/faq/2557,带状疱疹
109,584e4f0b2face0273c754632,儿童 退烧药 体温 服药 时 过量 栓剂 口服,丁香园,/faq/3832,对乙酰氨酚混悬滴剂
110,584e4f0d2face0273c754633,乙肝 抗病毒 乙肝病毒 肝硬化 病毒 肝 肝脏 肝功能,丁香园,/faq/4040,大三阳
111,584e4f0e2face0273c754634,性 护理 低血压 时 综合征 障碍 小脑 四肢 添加剂 膀胱 血压,丁香园,/faq/5662,多系统萎缩
112,584e4f0f2face0273c754635,腋窝 汗腺 皮肤 局部 部位 全身性 汗液 脚底 性 黄金 手掌 射频 胳肢窝 局限性 杆菌,丁香园,/faq/5863,多汗症
113,584e4f112face0273c754636,雄激素 性 激光 脱毛 卵巢 皮肤 激素 女性 垂体 男性 睾酮 肿瘤 激光治疗 症会,丁香园,/faq/6703,多毛症
114,584e4f122face0273c754637,卵巢 综合征 雄激素,丁香园,/faq/3039,多囊卵巢综合征
115,584e4f132face0273c754638,骨髓瘤 多发性 干细胞 骨髓 化疗 浆细胞,丁香园,/faq/3035,多发性骨髓瘤
116,584e4f142face0273c754639,硬化 多发性 脊髓 病灶 肢体,丁香园,/faq/5150,多发性硬化
117,584e4f152face0273c75463a,大动脉炎 多发性 动脉 血管,丁香园,/faq/4770,多发性大动脉炎
118,584e4f162face0273c75463b,贫血 红细胞 基因 胎儿 珠蛋白,丁香园,/faq/2943,地中海贫血
119,584e4f172face0273c75463c,疱疹 病毒 水疱 性 生殖器 疱疹病毒 皮肤,丁香园,/faq/2517,单纯疱疹
120,584e4f192face0273c75463d,碘 单纯性 激素 食盐,丁香园,/faq/3408,单纯性甲状腺肿
121,584e4f1a2face0273c75463e,静脉 下肢 瓣膜 单纯性,丁香园,/faq/2424,单纯性下肢静脉曲张
122,584e4f1b2face0273c75463f,动脉 硬化 血管,丁香园,/faq/3726,动脉粥样硬化
123,584e4f1c2face0273c754640,动脉 导管 肺动脉 分流 血液,丁香园,/faq/2519,动脉导管未闭
124,584e4f1d2face0273c754641,内脏 猪 食用,丁香园,/faq/3666,动物内脏
125,584e4f1e2face0273c754642,血压,丁香园,/faq/4285,动态血压监测
126,584e4f202face0273c754643,冻疮 局部 血液循环 孕妇 皮肤,丁香园,/faq/2375,冻疮
127,584e4f212face0273c754644,倒睫 睫毛 眼球,丁香园,/faq/4657,倒睫
128,584e4f222face0273c754645,钾 细胞 浓度 血钾 缺钾 钾量,丁香园,/faq/2942,低钾血症
129,584e4f232face0273c754646,钙 血症 血 血钙,丁香园,/faq/4405,低钙血症
130,584e4f242face0273c754647,低血糖 低血糖症 血糖 胰岛素瘤,丁香园,/faq/3915,低血糖症
131,584e4f252face0273c754648,低血压 血压 性 血管 病,丁香园,/faq/3804,低血压
132,584e4f262face0273c754649,血症 蛋白质 血浆 蛋白 性 贫血 血 水肿,丁香园,/faq/2893,低蛋白血症
133,584e4f282face0273c75464a,胰岛素 综合征 血糖 体重 糖尿病 空腹 血症 高血压,丁香园,/faq/6092,代谢综合征
134,584e4f292face0273c75464b,代文 血管 素,丁香园,/faq/4766,代文（缬沙坦胶囊）
135,584e4f2a2face0273c75464c,皮肤 皮肤病 溶血性 感染性 链球菌 细菌 白细胞 水肿 足癣 淋巴管 患处 激素,丁香园,/faq/3982,丹毒
136,584e4f2b2face0273c75464d,鹅口疮 口腔 念珠菌 黏膜 免疫力,丁香园,/faq/6017,鹅口疮（口腔念珠菌感染）
137,584e4f2c2face0273c75464e,腭裂 畸形 患儿 语音,丁香园,/faq/2106,腭裂
138,584e4f2d2face0273c75464f,声音 耳朵 听力 糖尿病 时 咽鼓管 耳部 噪音 耳 硬化症 鼓膜 声 中耳,丁香园,/faq/3406,耳鸣
139,584e4f2e2face0273c754650,听力 聋 助听器 中耳 耳 性 咽鼓管 神经性,丁香园,/faq/3547,耳聋
140,584e4f302face0273c754651,耳石 耳 时 肿瘤,丁香园,/faq/3727,耳石症
141,584e4f312face0273c754652,儿童 肥胖症 体重 孩子 肥胖率,丁香园,/faq/4652,儿童肥胖症
142,584e4f322face0273c754653,磨牙 孩子,丁香园,/faq/3892,儿童磨牙
143,584e4f332face0273c754654,哮喘 患儿 肺 激素,丁香园,/faq/2463,儿童支气管哮喘
144,584e4f342face0273c754655,癫痫 儿童 时 意识 热性 孩子 脑电图 小儿 患儿 体温 障碍 性 婴幼儿 脑脊液,丁香园,/faq/4088,儿童惊厥
145,584e4f362face0273c754656,孩子,丁香园,/faq/3762,儿童发育
146,584e4f372face0273c754657,年龄 妈妈,丁香园,/faq/3177,二胎年龄差值
147,584e4f382face0273c754658,血糖 胰岛素 糖尿病,丁香园,/faq/4117,二甲双胍
148,584e4f392face0273c754659,风湿热 瓣膜 心脏 房间 咽峡炎 急性 栓塞 生物 置换术 链球菌,丁香园,/faq/3067,二尖瓣狭窄
149,584e4f3a2face0273c75465a,蚊症 视网膜 视力 玻璃体 飞蚊 黑影,丁香园,/faq/3407,飞蚊症
150,584e4f3b2face0273c75465b,风湿热 心脏 链球菌 风湿性 关节炎 关节,丁香园,/faq/2947,风湿热
151,584e4f3c2face0273c75465c,心脏 瓣膜 风湿性,丁香园,/faq/3610,风湿性心脏瓣膜病
152,584e4f3e2face0273c75465d,淋巴瘤 化疗 淋巴结 时,丁香园,/faq/3790,非霍奇金淋巴瘤
153,584e4f3f2face0273c75465e,尿道炎 支原体 衣原体,丁香园,/faq/4826,非淋菌性尿道炎
154,584e4f402face0273c75465f,肺癌 细胞,丁香园,/faq/3793,非小细胞肺癌
155,584e4f412face0273c754660,附睾炎 附睾 睾丸,丁香园,/faq/2830,附睾炎
156,584e4f422face0273c754661,附件炎 女性 附件 炎症 输卵管 病原体 急性,丁香园,/faq/2685,附件炎
157,584e4f432face0273c754662,皮肤 晒太阳 紫外线,丁香园,/faq/3435,防晒问题
158,584e4f442face0273c754663,蜜蜂 部位 疼痛 局部,丁香园,/faq/3975,蜂蛰伤
159,584e4f462face0273c754664,蜂窝 织炎 伤口 细菌 局部,丁香园,/faq/2900,蜂窝织炎
160,584e4f472face0273c754665,胶囊 疼痛 剂型 服药 间隔 用药 过量 头痛 儿童 药师 药 非甾体,丁香园,/faq/3738,芬必得
161,584e4f482face0273c754666,包块 腹部 胃 柿子 时 疼痛 疝 瘤 母细胞,丁香园,/faq/4705,腹部包块
162,584e4f492face0273c754667,腹膜 透析液 腹腔 血液 腹膜炎 毒素,丁香园,/faq/5787,腹膜透析
163,584e4f4a2face0273c754668,腹膜炎 腹腔 炎症 腹部 腹膜,丁香园,/faq/4138,腹膜炎
164,584e4f4b2face0273c754669,腹腔镜 开腹,丁香园,/faq/4148,腹腔镜
165,584e4f4c2face0273c75466a,腹水 腹腔 肝硬化,丁香园,/faq/5506,腹腔积液 腹水
166,584e4f4e2face0273c75466b,腹腔 腹部 穿孔 腹膜炎 脓肿,丁香园,/faq/4041,腹腔感染
167,584e4f4f2face0273c75466c,气体 时 肠道 功能性 胃肠道 感觉 细菌 腹部 胃 饮料 结肠 药 综合征 纤维素,丁香园,/faq/7455,腹胀
168,584e4f502face0273c75466d,补片 腹股沟 疝 疝气,丁香园,/faq/4674,腹股沟疝
169,584e4f512face0273c75466e,腹痛 疼痛 腹部 部位 急性,丁香园,/faq/4500,腹痛
170,584e4f522face0273c75466f,儿童 补液 乳糖 轮状病毒 口服 肠道 细菌 皮肤 患儿 时 性 锌 疫苗 婴儿 胃肠道 小孩 感染性 机体,丁香园,/faq/2465,腹泻病（儿童）
171,584e4f532face0273c754670,疝 腹股沟 疝的 腹壁 肿块 性,丁香园,/faq/4442,腹外疝
172,584e4f552face0273c754671,腹 血管 主动脉,丁香园,/faq/3729,腹主动脉瘤
173,584e4f562face0273c754672,肺 结节 肺部 阴影,丁香园,/faq/5330,肺部阴影和肺结节
174,584e4f572face0273c754673,肺脓肿 脓肿 细菌 肺 纤支镜 脓液 脓痰,丁香园,/faq/4080,肺脓肿
175,584e4f582face0273c754674,肺结核 结核菌 痰 肺部 结核病,丁香园,/faq/3453,肺结核
176,584e4f592face0273c754675,肺纤维化 肺 间质性 肺病 肺炎,丁香园,/faq/4690,肺纤维化（间质性肺病）
177,584e4f5a2face0273c754676,肺癌 化疗 靶向 基因,丁香园,/faq/2067,肺癌
178,584e4f5b2face0273c754677,肺炎 链球菌,丁香园,/faq/3353,肺炎链球菌性肺炎
179,584e4f5d2face0273c754678,肺炎 肺 疫苗 细菌 肺泡 肺炎球菌 病原体 肺部 肺结核 菌 痰 气道 抗菌 结核 传染性,丁香园,/faq/2621,肺炎
180,584e4f5e2face0273c754679,肺 大疱,丁香园,/faq/4946,肺气肿和肺大疱
181,584e4f5f2face0273c75467a,肺栓塞 血栓 下肢 肺动脉,丁香园,/faq/4211,肺栓塞
182,584e4f602face0273c75467b,肺 胸部 外伤 时 胸腔 气胸,丁香园,/faq/3314,肺损伤
183,584e4f612face0273c75467c,肺动脉 高压,丁香园,/faq/4210,肺动脉高压
184,584e4f622face0273c75467d,肺 哮喘,丁香园,/faq/5034,肺功能检查
185,584e4f632face0273c75467e,肥胖症 体重 脂肪 胰岛素 继发性 机体 腹型 性 高血压 消耗 食欲 风险 糖尿病,丁香园,/faq/4349,肥胖症
186,584e4f652face0273c75467f,脂肪 热量 腹部 运动量,丁香园,/faq/3933,肥胖
187,584e4f662face0273c754680,骨折 粉碎性,丁香园,/faq/3860,粉碎性骨折
188,584e4f672face0273c754681,粉尘 水池 时 逃离现场,丁香园,/faq/3261,粉尘爆炸
189,584e4f682face0273c754682,痱子 皮肤 痱 汗液 高温 薄荷,丁香园,/faq/6431,痱子
190,584e4f692face0273c754683,疯牛病 牛肉 蛋白 氏病 变异,丁香园,/faq/5806,疯牛病和朊蛋白感染
191,584e4f6a2face0273c754684,氟 牙齿 牙,丁香园,/faq/4336,氟斑牙
192,584e4f6b2face0273c754685,服药 消化道 结晶 肾衰竭,丁香园,/faq/3420,服药方式
193,584e4f6c2face0273c754686,封闭抗体 阴性,丁香园,/faq/6087,封闭抗体
194,584e4f6e2face0273c754687,妇科炎症 炎症 阴道 女性 生殖系统 外阴,丁香园,/faq/2945,妇科炎症
195,584e4f6f2face0273c754688,阴道 妇科 白带 时 性生活 腹部 内膜 女性,丁香园,/faq/5152,妇科检查
196,584e4f702face0273c754689,阴道 外阴 用药 口服 病 局部 疗程 药 酵母菌 杆菌 假丝 滴虫性,丁香园,/faq/3834,妇科抗生素
197,584e4f712face0273c75468a,腹腔镜 妇科 宫颈 阴道 宫腔 内镜,丁香园,/faq/6906,妇科内镜
198,584e4f722face0273c75468b,复方 感冒药 服药 过量 药师,丁香园,/faq/3739,复方氨酚烷胺片
199,584e4f732face0273c75468c,复发性 染色体 宫颈 胎儿 宫腔 感染性 女方 黄体 抗体 精液,丁香园,/faq/4526,复发性流产
200,584e4f742face0273c75468d,口腔溃疡 溃疡 复发性,丁香园,/faq/2263,复发性口腔溃疡
201,584e4f762face0273c75468e,关节炎 性 关节 儿童 膝关节,丁香园,/faq/5123,反应性关节炎
202,584e4f772face0273c75468f,乳 乳房 乳腺 哺乳期,丁香园,/faq/2829,副乳
203,584e4f782face0273c754690,性 中耳 咽鼓管 鼓膜 时 听力 儿童,丁香园,/faq/6910,分泌性中耳炎
204,584e4f792face0273c754691,鼓膜 穿孔,丁香园,/faq/4575,鼓膜穿孔
205,584e4f7a2face0273c754692,鬼压床 稿件,丁香园,/faq/3685,鬼压床
206,584e4f7b2face0273c754693,高龄 孕妇,丁香园,/faq/3082,高龄孕妇
207,584e4f7d2face0273c754694,钾 离子,丁香园,/faq/7028,高钾血症
208,584e4f7e2face0273c754695,钙 高钙血症 血 血钙 尿 磷 原发性 骨,丁香园,/faq/4042,高钙血症
209,584e4f7f2face0273c754696,视网膜 高血压 性,丁香园,/faq/5595,高血压视网膜病变
210,584e4f802face0273c754697,高血压 血压 降压药,丁香园,/faq/4212,高血压用药问题
211,584e4f812face0273c754698,脑出血 高血压 血压,丁香园,/faq/2376,高血压性脑出血
212,584e4f822face0273c754699,高血压 心脏病 性,丁香园,/faq/5828,高血压性心脏病
213,584e4f832face0273c75469a,高血压 血压 危象,丁香园,/faq/2861,高血压危象
214,584e4f852face0273c75469b,高血压 血压 体重 蛋白质 饮酒 食盐,丁香园,/faq/6393,高血压之怎么吃
215,584e4f862face0273c75469c,高血压 血压 血管,丁香园,/faq/2069,高血压
216,584e4f872face0273c75469d,血脂 胆固醇 脂蛋白 汀 脂肪 低密度 类药物 高密度 调脂,丁香园,/faq/2729,高脂血症
217,584e4f882face0273c75469e,胆固醇 血症 血脂 斑块 动脉,丁香园,/faq/3504,高胆固醇血症
218,584e4f892face0273c75469f,泌乳素 血症 垂体 腺瘤 血清,丁香园,/faq/4543,高泌乳素血症
219,584e4f8a2face0273c7546a0,稿件 时 海拔,丁香园,/faq/3431,高原反应
220,584e4f8b2face0273c7546a1,骨髓 综合征,丁香园,/faq/3984,骨髓增生异常综合征
221,584e4f8d2face0273c7546a2,疼痛 骨质增生 机体 软骨 关节 神经 老化,丁香园,/faq/3916,骨赘
222,584e4f8e2face0273c7546a3,骨质疏松症 骨质 钙 骨 骨折 骨密度,丁香园,/faq/2396,骨质疏松症
223,584e4f8f2face0273c7546a4,骨质增生 骨刺 骨骼,丁香园,/faq/3798,骨质增生
224,584e4f902face0273c7546a5,化疗 肿瘤 疼痛 骨 细胞 局部 部位 截肢 血管,丁香园,/faq/2431,骨肉瘤
225,584e4f912face0273c7546a6,骨折 骨盆,丁香园,/faq/4750,骨盆骨折
226,584e4f922face0273c7546a7,骨折 肢体 线 关节 部位,丁香园,/faq/2284,骨折
227,584e4f942face0273c7546a8,关节 关节炎 骨性 骨关节炎,丁香园,/faq/2287,骨关节炎
228,584e4f952face0273c7546a9,鼻炎 过敏性 特异性 药 免疫治疗,丁香园,/faq/5178,过敏性鼻炎
229,584e4f962face0273c7546aa,紫癜 过敏性 皮肤 血小板,丁香园,/faq/2552,过敏性紫癜
230,584e4f972face0273c7546ab,头晕 通气 精神 肺 手脚 综合征 氧气 时 心理 上述情况 意识,丁香园,/faq/6858,过度换气
231,584e4f982face0273c7546ac,跟腱 石膏 伤口,丁香园,/faq/3260,跟腱断裂
232,584e4f992face0273c7546ad,骨折 股骨颈 股骨头,丁香园,/faq/2869,股骨颈骨折
233,584e4f9b2face0273c7546ae,股骨头 疼痛 髋关节 期,丁香园,/faq/2286,股骨头坏死
234,584e4f9c2face0273c7546af,肝 脓肿,丁香园,/faq/4565,肝脓肿
235,584e4f9d2face0273c7546b0,肝 纤维化,丁香园,/faq/4406,肝纤维化
236,584e4f9e2face0273c7546b1,肝硬化 肝脏 肝 肝性 脑病 静脉 血管 时 肝细胞 高压 血 期 腹水,丁香园,/faq/2657,肝硬化
237,584e4fa02face0273c7546b2,肝癌 肿瘤 肝脏 化疗,丁香园,/faq/3072,肝癌
238,584e4fa12face0273c7546b3,肝 海绵状,丁香园,/faq/4494,肝海绵状血管瘤
239,584e4fa22face0273c7546b4,肝性 脑病 脑 数字,丁香园,/faq/4461,肝性脑病
240,584e4fa32face0273c7546b5,囊肿 肝,丁香园,/faq/2982,肝囊肿
241,584e4fa42face0273c7546b6,肝 肝功能 肝脏 肝性 脑病 肝移植 综合征 肝病 皮肤 急性 蛋白质,丁香园,/faq/3354,肝功能衰竭
242,584e4fa52face0273c7546b7,肝功能 肝脏 肝细胞 肝,丁香园,/faq/3983,肝功能不全
243,584e4fa72face0273c7546b8,肛裂 肛门 时 处,丁香园,/faq/3921,肛裂
244,584e4fa82face0273c7546b9,肛瘘 瘘管 肛门,丁香园,/faq/3976,肛瘘
245,584e4fa92face0273c7546ba,鞘膜 积液 睾丸,丁香园,/faq/4824,睾丸鞘膜积液
246,584e4faa2face0273c7546bb,睾丸炎 睾丸 腮腺炎,丁香园,/faq/2998,睾丸炎
247,584e4fab2face0273c7546bc,睾丸,丁香园,/faq/5507,睾丸扭转
248,584e4fac2face0273c7546bd,根尖周炎 根管 急性 炎症,丁香园,/faq/2771,根尖周炎
249,584e4fad2face0273c7546be,感染性 粪便 急性 肠道 细菌 胃肠炎 肠 老年人 指 恶心 病原体,丁香园,/faq/3730,感染性腹泻
250,584e4faf2face0273c7546bf,心内膜炎 感染性,丁香园,/faq/4337,感染性心内膜炎
251,584e4fb02face0273c7546c0,感染性 脓毒症 时 乳酸 脓毒 性休克 激素,丁香园,/faq/4338,感染性休克
252,584e4fb12face0273c7546c1,弓形虫 病 胎儿 孕妇 猫,丁香园,/faq/6590,弓形虫感染
253,584e4fb22face0273c7546c2,障碍 类药物 药 饮酒 步骤,丁香园,/faq/4864,广泛焦虑障碍（诊后须知）
254,584e4fb32face0273c7546c3,干眼 泪液 干眼症,丁香园,/faq/2860,干眼症
255,584e4fb52face0273c7546c4,综合征 淋巴瘤 阳性 眼病 口腔 唾液腺 泪膜 原发性 病 恶性 干 药 胆碱 时 口干,丁香园,/faq/2608,干燥综合征
256,584e4fb62face0273c7546c5,巩膜 炎,丁香园,/faq/6689,巩膜炎
257,584e4fb72face0273c7546c6,宫颈 样 宫颈癌 上皮,丁香园,/faq/3316,宫颈糜烂样改变
258,584e4fb82face0273c7546c7,宫颈 上皮,丁香园,/faq/3243,宫颈糜烂
259,584e4fb92face0273c7546c8,宫颈癌 宫颈 疫苗,丁香园,/faq/2622,宫颈癌
260,584e4fba2face0273c7546c9,宫颈炎 宫颈 分泌物 阴道 子宫颈 炎症,丁香园,/faq/3732,宫颈炎
261,584e4fbb2face0273c7546ca,宫颈 囊肿,丁香园,/faq/5134,宫颈囊肿
262,584e4fbd2face0273c7546cb,功能性 胃肠病 综合征,丁香园,/faq/3037,功能性胃肠病
263,584e4fbe2face0273c7546cc,功能性 腹部 疼痛 精神 幽门 螺杆菌 胃镜,丁香园,/faq/4636,功能性消化不良
264,584e4fbf2face0273c7546cd,性 子宫出血 月经 内膜 月经周期,丁香园,/faq/3073,功能失调性子宫出血
265,584e4fc02face0273c7546ce,冠心病 心脏 心肌 冠脉 血管 心绞痛 支架 心肌梗死,丁香园,/faq/2070,冠心病
266,584e4fc12face0273c7546cf,智齿 冠周炎 炎症,丁香园,/faq/4213,冠周炎
267,584e4fc22face0273c7546d0,关节 积液,丁香园,/faq/6995,关节积液
268,584e4fc42face0273c7546d1,关节 疼痛,丁香园,/faq/4863,关节疼痛（诊后须知）
269,584e4fc52face0273c7546d2,关节 膝关节 时 软骨,丁香园,/faq/6085,关节响
270,584e4fc62face0273c7546d3,内镜 荧光 消化道,丁香园,/faq/4856,共聚焦激光显微内镜
271,584e4fc72face0273c7546d4,鼾症 通气 综合征 扁桃体 呼吸机,丁香园,/faq/7069,鼾症
272,584e4fc82face0273c7546d5,黑色素瘤 肿瘤 皮肤 部位 痣,丁香园,/faq/5592,黑色素瘤
273,584e4fc92face0273c7546d6,黄褐斑 皮肤 激光治疗 激光 果酸 黑素 女性,丁香园,/faq/5179,黄褐斑
274,584e4fcb2face0273c7546d7,黄热病 疫苗 病毒 蚊,丁香园,/faq/6286,黄热病毒
275,584e4fcc2face0273c7546d8,黄体 黄体酮 孕激素 女性 卵泡 月经,丁香园,/faq/5038,黄体和黄体酮
276,584e4fcd2face0273c7546d9,踝关节 韧带 关节,丁香园,/faq/2803,踝扭伤
277,584e4fce2face0273c7546da,蛔虫 蛔虫病 儿童 幼虫 性 虫卵 驱虫 驱虫药 成虫 食用 虫体,丁香园,/faq/3317,蛔虫病
278,584e4fd02face0273c7546db,红细胞 真性 骨髓 血栓 血液,丁香园,/faq/6782,红细胞增多
279,584e4fd12face0273c7546dc,腋臭 汗腺,丁香园,/faq/2259,狐臭
280,584e4fd22face0273c7546dd,灰指甲 甲 甲板 真菌,丁香园,/faq/2399,灰指甲
281,584e4fd52face0273c7546de,滑膜 肉瘤 肿瘤 关节,丁香园,/faq/5903,滑膜肉瘤
282,584e4fd62face0273c7546df,滑膜炎 关节 膝关节,丁香园,/faq/3803,滑膜炎
283,584e4fd72face0273c7546e0,滑囊 关节,丁香园,/faq/4950,滑囊炎
284,584e4fd82face0273c7546e1,管瘤 汗腺 细胞 导管 皮肤 肿瘤 激光,丁香园,/faq/6018,汗管瘤
285,584e4fda2face0273c7546e2,疱疹 汗 水疱 皮肤,丁香园,/faq/4528,汗疱疹
286,584e4fdb2face0273c7546e3,肝脏 保肝 饮酒 腹水 肝 肝硬化 脂肪肝 护肝 肝炎,丁香园,/faq/5885,护肝治疗
287,584e4fdc2face0273c7546e4,饮酒 责任编辑,丁香园,/faq/3876,喝酒后头疼
288,584e4fdd2face0273c7546e5,喉癌 肿瘤 喉 喉部 喉镜 声带,丁香园,/faq/6020,喉癌
289,584e4fde2face0273c7546e6,喉炎 急性 气管 喉,丁香园,/faq/2727,喉炎
290,584e4fdf2face0273c7546e7,肺炎 粒细胞 急性 时 病毒 细菌 气管 支气管炎 病原体 中性 痰 咽痛 肺 血常规 寄生虫,丁香园,/faq/3866,呼吸道感染
291,584e4fe12face0273c7546e8,呼吸衰竭 肺 急性 动脉血 血症 脑病 肺性 低氧 氧分压 时,丁香园,/faq/4139,呼吸衰竭
292,584e4fe22face0273c7546e9,骨髓炎 化脓性 骨头,丁香园,/faq/4777,化脓性骨髓炎
293,584e4fe32face0273c7546ea,关节炎 化脓性,丁香园,/faq/4286,化脓性关节炎
294,584e4fe42face0273c7546eb,化脓性 中耳 鼓膜 穿孔 急性 听力 外耳道 胆脂瘤,丁香园,/faq/6555,化脓性中耳炎
295,584e4fe52face0273c7546ec,细胞 化疗,丁香园,/faq/3292,化疗脱发
296,584e4fe62face0273c7546ed,疫苗 宫颈癌,丁香园,/faq/4224,HPV 疫苗
297,584e4fe72face0273c7546ee,血 宫外孕 女性 值 胚胎 尿 时,丁香园,/faq/6435,hCG
298,584e4fe92face0273c7546ef,鸡胸 胸骨 畸形 胸廓,丁香园,/faq/4457,鸡胸
299,584e4ff32face0273c7546f0,鸡眼 皮肤,丁香园,/faq/5389,鸡眼
300,584e4ff42face0273c7546f1,颈部 肿块,丁香园,/faq/5659,颈部肿块
301,584e4ff52face0273c7546f2,椎间盘 颈椎 神经,丁香园,/faq/2902,颈椎间盘突出症
302,584e4ff62face0273c7546f3,颈椎病 颈椎 神经 椎动脉 脊髓 颈部,丁香园,/faq/2089,颈椎病
303,584e4ff72face0273c7546f4,颈动脉 动脉 血管,丁香园,/faq/5386,颈动脉狭窄
304,584e4ff92face0273c7546f5,静脉 下肢,丁香园,/faq/4140,静脉功能不全
305,584e4ffa2face0273c7546f6,间质性 肾炎 肾脏,丁香园,/faq/3110,间质性肾炎
306,584e4ffb2face0273c7546f7,酒精 酒 饮酒 精神障碍 障碍 精神 心理 脑 情绪,丁香园,/faq/4653,酒精相关的精神神经障碍
307,584e4ffc2face0273c7546f8,酒精性 肝病 饮酒 酒精,丁香园,/faq/2262,酒精性肝病
308,584e4ffd2face0273c7546f9,酒渣鼻 皮肤 毛细血管 痤疮 鼻部 红斑 瘢痕 局部 脓疱 丘疹 色素 激光,丁香园,/faq/2848,酒渣鼻
309,584e4ffe2face0273c7546fa,角膜 眼睛 眼 视力 度数 视网膜 眼镜 眼球 高度 手机 时 光线,丁香园,/faq/2903,近视
310,584e50002face0273c7546fb,角膜,丁香园,/faq/4691,角膜移植
311,584e50012face0273c7546fc,腱鞘炎 腱鞘,丁香园,/faq/3409,腱鞘炎
312,584e50022face0273c7546fd,囊肿 腱鞘,丁香园,/faq/3318,腱鞘囊肿
313,584e50032face0273c7546fe,脚肿 关节 肾功能 水 水肿 局部 肿 皮肤,丁香园,/faq/6088,脚肿
314,584e50042face0273c7546ff,足癣 真菌 皮肤 水疱 癣 灰指甲 脚气 用药 脚臭 感觉 细菌,丁香园,/faq/3497,脚气
315,584e50052face0273c754700,脊髓炎 脊髓 急性 肢体 性,丁香园,/faq/4081,脊髓炎
316,584e50072face0273c754701,肿瘤 脊柱,丁香园,/faq/7150,脊柱肿瘤
317,584e50082face0273c754702,结核 脊柱 脓肿,丁香园,/faq/6022,脊柱结核
318,584e50092face0273c754703,脊柱 脊髓 骨折,丁香园,/faq/2728,脊柱损伤
319,584e500a2face0273c754704,脊柱 内镜 椎间盘,丁香园,/faq/6327,脊柱内镜
320,584e500c2face0273c754705,脊柱 特发性,丁香园,/faq/3048,脊柱侧弯
321,584e500d2face0273c754706,胶囊 内镜,丁香园,/faq/5133,胶囊内镜
322,584e500e2face0273c754707,肩袖 肩关节,丁香园,/faq/7073,肩袖损伤（肩痛肩膀痛）
323,584e500f2face0273c754708,肩膀 疼痛 肩 肩周炎,丁香园,/faq/3305,肩膀疼
324,584e50112face0273c754709,肩周炎 肩关节 肩部 疼痛,丁香园,/faq/2733,肩周炎
325,584e50122face0273c75470a,肌腱 炎 疼痛 性 炎症 跟腱,丁香园,/faq/4408,肌腱炎
326,584e50132face0273c75470b,高血压 继发性,丁香园,/faq/4676,继发性高血压
327,584e50142face0273c75470c,输精管 性功能 男性 射精,丁香园,/faq/3441,绝育
328,584e50152face0273c75470d,激素 女性 综合征 月经 绝经期 年龄 卵巢 用药,丁香园,/faq/2450,绝经综合征
329,584e50162face0273c75470e,结膜炎 分泌物 结膜 眼药水 过敏性,丁香园,/faq/3620,结膜炎
330,584e50172face0273c75470f,结肠癌 化疗 结肠 肿瘤,丁香园,/faq/2075,结肠癌
331,584e50192face0273c754710,直肠癌 结 化疗 肠癌 肿瘤 大肠癌,丁香园,/faq/2076,结直肠癌
332,584e501a2face0273c754711,结核病 结核菌 肺结核 结核 痰,丁香园,/faq/2367,结核病
333,584e501b2face0273c754712,综合征 头痛,丁香园,/faq/3287,经前期综合征
334,584e501c2face0273c754713,孕妇 避孕药 药 月经 乳汁 哺乳,丁香园,/faq/5238,紧急避孕药（毓婷）
335,584e501d2face0273c754714,头痛,丁香园,/faq/4116,紧张型头痛
336,584e501f2face0273c754715,精索 静脉 精子,丁香园,/faq/3256,精索静脉曲张
337,584e50202face0273c754716,毒品 戒毒 吸毒者 精神 心理 感觉 摇头丸 活性 安眠药,丁香园,/faq/4620,精神活性物质所致精神和行为障碍问答
338,584e50212face0273c754717,精神 智力 智商 心理 精神障碍,丁香园,/faq/4688,精神发育迟滞
339,584e50242face0273c754718,精神分裂症 精神病 幻觉 用药 服药 阴性 精神 心理治疗 时 力 性 障碍 复发率,丁香园,/faq/7114,精神分裂症的表现和治疗
340,584e50252face0273c754719,精神分裂症 人格 精神疾病 精神病 平 患病,丁香园,/faq/4164,精神分裂症
341,584e50262face0273c75471a,精液 精子,丁香园,/faq/6187,精液常规
342,584e50272face0273c75471b,精子 活性,丁香园,/faq/3486,精子质量
343,584e50282face0273c75471c,膜炎 筋 疼痛 筋膜,丁香园,/faq/4287,筋膜炎
344,584e502a2face0273c75471d,黄瘤 眼睑 黄斑,丁香园,/faq/3089,睑黄瘤
345,584e502b2face0273c75471e,霰粒 肿 眼睑,丁香园,/faq/4529,睑板腺囊肿（霰粒肿）
346,584e502c2face0273c75471f,疖痈 皮肤 细菌 部位 败血症 软膏,丁香园,/faq/6436,疖痈
347,584e502d2face0273c754720,畸胎瘤 肿瘤 恶性,丁香园,/faq/2609,畸胎瘤
348,584e502e2face0273c754721,肝炎 病毒性,丁香园,/faq/6019,甲肝甲型病毒性肝炎
349,584e502f2face0273c754722,腺瘤 颈部 气管 甲状腺癌 神经 结节 肿瘤 病理,丁香园,/faq/4858,甲状腺腺瘤
350,584e50312face0273c754723,结节 颈部 恶性,丁香园,/faq/2264,甲状腺结节
351,584e50322face0273c754724,眼病 眼球 眼眶 眼睑,丁香园,/faq/2283,甲状腺相关眼病
352,584e50332face0273c754725,甲状腺癌 碘 细针 结节,丁香园,/faq/4039,甲状腺癌
353,584e50342face0273c754726,甲状腺炎 甲炎,丁香园,/faq/2528,甲状腺炎
354,584e50352face0273c754727,甲 激素 水肿 碘 甲亢 心脏 垂体,丁香园,/faq/2613,甲状腺功能减退症
355,584e50372face0273c754728,甲亢 甲 碘 抗体 激素,丁香园,/faq/2072,甲状腺功能亢进症
356,584e50382face0273c754729,脚趾 时 指甲 疼痛 鞋子,丁香园,/faq/4873,甲沟炎（诊后须知）
357,584e50392face0273c75472a,指甲 甲 急性 局部 灰指甲 炎症 念珠菌,丁香园,/faq/3548,甲沟炎
358,584e503a2face0273c75472b,甲亢 激素,丁香园,/faq/5139,甲亢反复不好？
359,584e503b2face0273c75472c,焦虑症 情绪 障碍 时 体验 心理 风险 肌肉 躯体 神经症,丁香园,/faq/2458,焦虑症
360,584e503c2face0273c75472d,激素 皮炎 依赖性,丁香园,/faq/4628,激素依赖性皮炎
361,584e503d2face0273c75472e,肌萎缩 硬化 运动神经元 肌肉 神经 力,丁香园,/faq/2461,渐冻人
362,584e503f2face0273c75472f,浆细胞 肿瘤 骨髓,丁香园,/faq/7130,浆细胞病
363,584e50402face0273c754730,皮肤 性皮炎 皮疹,丁香园,/faq/4874,接触性皮炎（诊后须知）
364,584e50412face0273c754731,性皮炎 皮肤 皮炎 斑贴 化妆品 丘疹 刺激性,丁香园,/faq/5328,接触性皮炎
365,584e50422face0273c754732,综合征 肢体 尿 肌红蛋白 肌肉 筋膜 尿液 血 血液,丁香园,/faq/5502,挤压综合征
366,584e50432face0273c754733,脊髓 感觉 神经 肢体 椎体 指 骨折 肌肉 椎管,丁香园,/faq/3922,截瘫
367,584e50442face0273c754734,压力 疼痛 信息 气短,丁香园,/faq/4875,惊恐发作（诊后须知）
368,584e50462face0273c754735,酒精 急性 时 浓度 饮酒,丁香园,/faq/4523,急性酒精中毒（乙醇中毒）
369,584e50472face0273c754736,急性 时 补液 盐 儿童 寄生虫 口服 细菌 肠道,丁香园,/faq/4339,急性腹泻
370,584e50482face0273c754737,急性 胃肠炎 细菌 腹痛,丁香园,/faq/3044,急性胃肠炎
371,584e50492face0273c754738,肾盂肾炎 急性 用药 外阴,丁香园,/faq/4869,急性肾盂肾炎诊后须知
372,584e504d2face0273c754739,急性 肾衰,丁香园,/faq/5035,急性肾功能衰竭
373,584e504e2face0273c75473a,皮疹 急性 皮肤,丁香园,/faq/4868,急性皮疹（诊后须知）
374,584e504f2face0273c75473b,皮疹 急性 皮肤 丘疹 带状疱疹 荨麻疹,丁香园,/faq/5628,急性皮疹
375,584e50502face0273c75473c,痛风 疼痛 关节 急性,丁香园,/faq/4871,急性痛风性关节炎（诊后须知）
376,584e50512face0273c75473d,支气管炎 气管,丁香园,/faq/5153,急性气管 - 支气管炎
377,584e50522face0273c75473e,农药 有机磷 肌肉 皮肤 样 时,丁香园,/faq/4562,急性有机磷农药中毒
378,584e50542face0273c75473f,恶心 急性,丁香园,/faq/4866,急性恶心呕吐（诊后须知）
379,584e50552face0273c754740,心肌梗死 心梗 急性 血管 心脏,丁香园,/faq/2377,急性心肌梗死
380,584e50562face0273c754741,急性 综合征 肺 肺泡 毛细血管,丁香园,/faq/4460,急性呼吸窘迫综合征（ARDS）
381,584e50572face0273c754742,心脏 冠脉 急性 综合征 动脉 血管,丁香园,/faq/4867,急性冠脉综合征（诊后须知）
382,584e50582face0273c754743,冠脉 急性 综合征 支架,丁香园,/faq/2071,急性冠脉综合征
383,584e50592face0273c754744,体温 急性,丁香园,/faq/4865,急性低体温（诊后须知）
384,584e505a2face0273c754745,急性 病毒 组胺 鼻塞 嗅觉 药 咽痛 病原体 鼻炎 障碍 流感 抗病毒 病毒性 流涕 细菌 抗菌 时,丁香园,/faq/2828,急性上呼吸道感染
385,584e505c2face0273c754746,急性 血液 脑病 时 氧 高压氧 碳氧 缺氧性 肌肉,丁香园,/faq/4465,急性一氧化碳中毒
386,584e505d2face0273c754747,贫血 细胞,丁香园,/faq/3611,巨幼细胞性贫血
387,584e505e2face0273c754748,尖锐湿疣 病毒 皮肤 共用 丘疹 细胞 生物 生殖器 部位 女性 物品,丁香园,/faq/2074,尖锐湿疣
388,584e505f2face0273c754749,综合征 神经 感觉 血浆 手脚 肌电图 空肠 人会,丁香园,/faq/6328,吉兰巴雷综合征
389,584e50622face0273c75474a,肌肉 女生,丁香园,/faq/3638,健身运动
390,584e50632face0273c75474b,空调 喉咙,丁香园,/faq/3437,空调
391,584e50642face0273c75474c,狂犬病 疫苗 狂犬,丁香园,/faq/2077,狂犬病
392,584e50652face0273c75474d,牙齿 牙 牙套 烤瓷牙,丁香园,/faq/5192,烤瓷牙
393,584e50662face0273c75474e,结肠炎 溃疡性 肠道 质量,丁香园,/faq/2515,溃疡性结肠炎
394,584e50682face0273c75474f,心肌病 心脏 心衰 心肌 器 心脏病 时,丁香园,/faq/3005,扩张型心肌病
395,584e50692face0273c754750,恐惧症 社交 场所,丁香园,/faq/7072,恐惧症
396,584e506a2face0273c754751,综合征 皮质醇 垂体 尿 皮质,丁香园,/faq/4806,库欣综合征
397,584e506b2face0273c754752,痰 肺 肺炎 细胞 时,丁香园,/faq/4214,咳痰
398,584e506c2face0273c754753,哮喘 气道 变异型 炎症 典型,丁香园,/faq/3078,咳嗽变异型哮喘
399,584e506d2face0273c754754,牙齿 牙龈,丁香园,/faq/3467,叩齿
400,584e506e2face0273c754755,口角炎 嘴角 性,丁香园,/faq/7343,口角炎
401,584e506f2face0273c754756,口臭 口腔,丁香园,/faq/4288,口臭
402,584e50712face0273c754757,口腔 白斑,丁香园,/faq/3498,口腔白斑
403,584e50722face0273c754758,口腔溃疡 吃水果,丁香园,/faq/3165,口腔溃疡
404,584e50732face0273c754759,口腔 扁平苔藓,丁香园,/faq/3918,口腔扁平苔藓
405,584e50742face0273c75475a,牙齿 口腔 牙 牙医 孩子 牙石 奶瓶 细菌 舌苔,丁香园,/faq/4410,口腔健康
406,584e50752face0273c75475b,病 时 黏膜,丁香园,/faq/4876,克罗恩病（诊后须知）
407,584e50762face0273c75475c,病 肠 瘘管 腹痛 病会 肛门 期 内镜 炎症 脓肿 机体 肠病 小肠 肠道 病患者 癌变 腹部 精神 性 皮质激素 穿孔 水杨酸 肠梗阻 肛周 结肠,丁香园,/faq/3618,克罗恩病
408,584e50782face0273c75475d,畸形 动静脉,丁香园,/faq/3612,颅内动静脉畸形
409,584e50792face0273c75475e,动脉 头痛 血管 脑血管 部位 癫痫 交通 大脑 神经功能 直径 高血压,丁香园,/faq/3294,颅内动脉瘤
410,584e507a2face0273c75475f,综合征 皮肤 血管 动脉 手指 情绪 典型,丁香园,/faq/4689,雷诺综合征
411,584e507b2face0273c754760,阑尾炎 阑尾 急性 局部 穿孔,丁香园,/faq/2615,阑尾炎
412,584e507c2face0273c754761,红细胞 镰状 细胞 贫血 性贫血,丁香园,/faq/5505,镰状细胞性贫血
413,584e507d2face0273c754762,骨折 肋骨,丁香园,/faq/2805,肋骨骨折
414,584e507f2face0273c754763,肋软骨 炎,丁香园,/faq/5191,肋软骨炎
415,584e50822face0273c754764,老年斑 皮肤,丁香园,/faq/6601,老年斑
416,584e50832face0273c754765,黄斑 血管 变性 老年性 新生,丁香园,/faq/5036,老年性黄斑变性
417,584e50842face0273c754766,服药 血压 时 降压药 用药 水肿 头晕 拮抗剂 高血压,丁香园,/faq/4684,络活喜 (苯磺酸氨氯地平片)
418,584e50852face0273c754767,类风湿 关节 关节炎,丁香园,/faq/2261,类风湿关节炎
419,584e50862face0273c754768,狼疮 肾炎 肾脏 肾功能 红斑狼疮 肾病 综合征,丁香园,/faq/2804,狼疮肾炎
420,584e50872face0273c754769,矫形 胸廓 畸形 年龄 胸骨 脊柱 移位 钢板,丁香园,/faq/4627,漏斗胸
421,584e50892face0273c75476a,淋病 淋球菌,丁香园,/faq/4805,淋病
422,584e508a2face0273c75476b,淋巴结 孩子,丁香园,/faq/3075,淋巴结肿大
423,584e508b2face0273c75476c,淋巴瘤 细胞 淋巴结,丁香园,/faq/2078,淋巴瘤
424,584e508c2face0273c75476d,流感 流感病毒 流感疫苗 病毒 流行性 肺炎 时,丁香园,/faq/4799,流感
425,584e508e2face0273c75476e,泪 泪腺炎 泪囊 泪道 鼻腔,丁香园,/faq/4859,泪囊泪道炎
426,584e508f2face0273c75476f,孩子 热量 风险 蚊子 泡沫 月经 性生活 皮肤 女性 脐带血 血糖 衣服 香蕉 痛风 酸奶 血液 高血压 眼睛 时 降压药 糖尿病 变色 血型 血压 能量 主食 结节 外界 溃疡 眼镜 尿 碱性 牙齿 效果 尿液 冷饮 颜色 量 尿酸 年龄 避孕药 豆腐 精子,丁香园,/faq/6261,栏目 · 来问（四）
427,584e50902face0273c754770,结节 时 痛风 内裤 水 牙膏 冰箱 戒烟 铁 高血压 效果 柿子 肝脏 矿物质 成人 血糖 口红 猕猴桃 脂肪 杂粮 婴幼儿 头发 杂豆 糖尿病 护肤品 吃水果 皮肤 孕妇 细菌 碘 胎儿 屏幕 钾 水垢 音量 钙 含氟 氟 消耗 病 胃酸 粗粮 鼻腔 盐 危害 体温 过量 铁锅 胃下垂,丁香园,/faq/7409,栏目 · 来问（六）
428,584e50912face0273c754771,时 血型 血 糖尿病 皮肤 血糖 高血压 效果 跑步 血液 碘 蜂蜜 水 伤口 男性 量 抗原 冰箱 雪糕 胰岛 颜色 蛋白质 痛风 肌肉 毛囊 质量 细菌 肉 结节 风险 肾结石 精子 女性 洋葱 表面 秋葵 指甲 膝关节 疼痛 体重 草酸 白线,丁香园,/faq/6838,栏目 · 来问（五）
429,584e50932face0273c754772,皮肤 孩子 时 感觉 味精 血液 糖尿病 男孩 草莓 胆囊 蚕豆 碱性 乙肝 染色体 激素 早餐 乙肝病毒 榨油 胆汁 妈妈 爸爸 蔬菜 盐 腰痛 阴道 骨质 携带者 免疫力 病毒 钠 脂肪 肝脏 蚕豆病 效果 量 肠道 尿酸 风险 尿液 牙 袜子 腰椎间盘 口腔 脂肪肝 状态 手机 输液 父母,丁香园,/faq/5166,栏目 · 来问（二）
430,584e50942face0273c754773,孩子 水 蔬菜 月经 血压 脂肪 血液 痛风 血糖 风险 血型 女性 胰岛素 酸奶 无糖 糖尿病 效果 嘌呤 射精 豆浆 蜂王浆 奶 量 激素 牙齿 蛋白质 产后 碱性 苹果 甲亢 病 能量 血 抗原 手机 芒果 淋巴结 降血糖 经期 脱脂奶,丁香园,/faq/5727,栏目 · 来问（三）
431,584e50952face0273c754774,时 高血压 饮料 风险 血液 水 质量 感觉 状态 血糖 病毒 月经 伤口 肺癌 牙膏 能量 疼痛 钙 酒精 浓度 眼睛 枕头 瞳 黏膜 痛风 酒 补钙 共用 皮肤 胃 鼻炎 盐 酸奶 血管 口香糖 乙肝疫苗 乙肝 结石 男性 血 剃刀 面瘫 离子 成人 空腹 危害 下肢 乳房 流感 苹果 机体 女性 泡脚 浴霸 色素 补液 热量 鼻腔,丁香园,/faq/4352,栏目 · 来问（一）
432,584e50962face0273c754775,尿酸 痛风 低血糖 食欲 含糖 高度 直角 辣椒 小包装 脂肪酸 厕所 拉肚子 口腔 欧米茄 空腹,丁香园,/faq/5426,栏目 · 怎么办（二）
433,584e50972face0273c754776,时 疼痛 眼睛 宫颈 服药 耳朵 效果 冻疮 局部 伤口 指甲 漏服 感觉 皮肤 规律 用药 手 鼻涕 手指 鞋袜 眼 高血压 鱼刺 炎症 血压 屏幕 避孕药 脚 听力 处 水银 奶 麦粒肿 颈部 痔疮 粗粮 糖尿病 感冒药 衣物 鼻孔 头屑 生理性,丁香园,/faq/4354,栏目 · 怎么办（一）
434,584e50992face0273c754777,卵泡,丁香园,/faq/6705,卵泡
435,584e509a2face0273c754778,卵巢 综合征,丁香园,/faq/6191,卵巢过度刺激综合征
436,584e509b2face0273c754779,卵巢癌 肿瘤 化疗 卵巢,丁香园,/faq/3499,卵巢癌
437,584e509c2face0273c75477a,卵巢 早衰,丁香园,/faq/4146,卵巢早衰
438,584e509d2face0273c75477b,卵巢囊肿 肿瘤 卵巢,丁香园,/faq/3003,卵巢囊肿
439,584e509e2face0273c75477c,卵子 卵泡,丁香园,/faq/3517,冷冻卵子
440,584e509f2face0273c75477d,神经 麻筋,丁香园,/faq/3846,麻筋
441,584e50a12face0273c75477e,麻疹 疫苗,丁香园,/faq/3113,麻疹
442,584e50a22face0273c75477f,麦粒肿 睑腺炎 眼睑 炎症 滴眼液 面 眼部 眼 急性,丁香园,/faq/2870,麦粒肿
443,584e50a32face0273c754780,霉菌性 外阴 阴道 时 念珠菌 抵抗力 白带,丁香园,/faq/2787,霉菌性阴道炎
444,584e50a42face0273c754781,高压 静脉 肝脏 肝 腹水 腹腔 食管 胃底 肝硬化 血管,丁香园,/faq/3042,门静脉高压症
445,584e50a52face0273c754782,胃炎 胃粘膜 消化道 幽门 螺杆菌,丁香园,/faq/5235,糜烂性胃炎
446,584e50a62face0273c754783,磨牙 牙齿,丁香园,/faq/3661,磨牙
447,584e50a82face0273c754784,猫 时 关节痛 腹痛,丁香园,/faq/4762,猫抓病诊后须知
448,584e50a92face0273c754785,支气管炎 毛细 患儿 时,丁香园,/faq/4495,毛细支气管炎
449,584e50aa2face0273c754786,囊肿 鞘,丁香园,/faq/4464,毛根鞘囊肿（皮脂腺囊肿）
450,584e50ab2face0273c754787,角化 病 毛囊,丁香园,/faq/3552,毛囊角化病
451,584e50ad2face0273c754788,毛囊炎 细菌 部位 毛囊,丁香园,/faq/7075,毛囊炎
452,584e50ae2face0273c754789,角化 病 皮肤,丁香园,/faq/3795,毛周角化病
453,584e50af2face0273c75478a,植发 头发 瘢痕 毛囊 雄激素 供发区,丁香园,/faq/2785,毛发移植
454,584e50b02face0273c75478b,血型 胎儿 阴性,丁香园,/faq/5734,母婴 Rh 血型不合
455,584e50b12face0273c75478c,遗尿 梦游 孩子 儿童,丁香园,/faq/5132,梦游、夜惊及夜尿症
456,584e50b22face0273c75478d,梅毒 螺旋体 胎儿 孕妇,丁香园,/faq/2675,梅毒
457,584e50b32face0273c75478e,拇 畸形 疼痛 拇趾 关节,丁香园,/faq/3861,拇外翻
458,584e50b52face0273c75478f,阻塞性 肺病 肺 肺气肿 时 急性 戒烟 肺心病 氧,丁香园,/faq/2090,慢性阻塞性肺疾病
459,584e50b62face0273c754790,胃炎 萎缩性 幽门,丁香园,/faq/3456,慢性萎缩性胃炎
460,584e50b72face0273c754791,综合征 肠 肠道 感染性 腹痛 肠病 电解质 细菌 儿童 甲亢 病 征象 时 粘液,丁香园,/faq/4411,慢性腹泻
461,584e50b82face0273c754792,腰痛 椎间盘 疼痛 椎骨,丁香园,/faq/2068,慢性腰背痛
462,584e50b92face0273c754793,胃炎 胃镜 萎缩性 幽门,丁香园,/faq/2429,慢性胃炎
463,584e50ba2face0273c754794,肾脏 肾脏病 磷 血液 肾衰竭 血 肌酐 腹膜,丁香园,/faq/2428,慢性肾衰竭
464,584e50bb2face0273c754795,肺心病 心脏病 性 肺源 肺动脉 肺部,丁香园,/faq/2895,慢性肺源性心脏病
465,584e50bd2face0273c754796,胃炎 萎缩性,丁香园,/faq/5190,慢性浅表性胃炎 慢性非萎缩性胃炎
466,584e50be2face0273c754797,心衰 心脏 利尿剂 受体 心脏病 心肌 时 血管,丁香园,/faq/2511,慢性心力衰竭
467,584e50bf2face0273c754798,心衰 心脏 血液 时,丁香园,/faq/3041,慢性左心衰竭
468,584e50c02face0273c754799,乙型肝炎 乙肝病毒 乙肝 阳性,丁香园,/faq/4527,慢性乙型肝炎
469,584e50c12face0273c75479a,月经 避孕药 激素 卵巢 哺乳期 阴道 月经周期 血栓 孕激素 乳房,丁香园,/faq/5237,妈富隆（去氧孕烯炔雌醇片）
470,584e50c22face0273c75479b,磁共振 线 血管 部位 时 造影 图像 碘 金属 骨折 密度 腹部,丁香园,/faq/4250,MRI、X线、CT检查
471,584e50c42face0273c75479c,关节 下颌 颞,丁香园,/faq/2520,颞下颌关节紊乱病
472,584e50c52face0273c75479d,难产 胎儿 骨盆 孕妇 胎头 力,丁香园,/faq/3069,难产
473,584e50c62face0273c75479e,病毒 病毒感染 胃肠炎 粪便 时 急性 水分 精神 皮肤 消化道 胃肠,丁香园,/faq/5127,诺如病毒性胃肠炎
474,584e50c72face0273c75479f,脓疱 疮,丁香园,/faq/5124,脓疱疮
475,584e50c92face0273c7547a0,脓毒症 血 时 血液 细菌 血糖 抗菌 机体 性休克 器官 脓毒 重症,丁香园,/faq/2866,脓毒症
476,584e50ca2face0273c7547a1,头痛 时 头部 意识 孩子 小儿 注意力 性 障碍 脑 头晕 恶心,丁香园,/faq/2661,脑震荡
477,584e50cb2face0273c7547a2,脑膜瘤 肿瘤 脑膜,丁香园,/faq/2999,脑膜瘤
478,584e50cc2face0273c7547a3,脑膜炎 病毒性 病毒 脑,丁香园,/faq/6769,脑膜炎
479,584e50cd2face0273c7547a4,脑缺血 脑梗死 血管 脑血管病 局部 过性 脑,丁香园,/faq/4952,脑缺血
480,584e50cf2face0273c7547a5,脑积水 脑脊液 脑室 分流,丁香园,/faq/5037,脑积水
481,584e50d02face0273c7547a6,脑瘫 患儿 孩子,丁香园,/faq/5040,脑瘫
482,584e50d12face0273c7547a7,脑 疝 大脑 脑组织 枕骨 脑脊液 大孔 腰,丁香园,/faq/3985,脑疝
483,584e50d22face0273c7547a8,脑电图 大脑,丁香园,/faq/4412,脑电图
484,584e50d52face0273c7547a9,脑炎 脑 病毒 脑膜炎 蛋白 病 脑脊液 性,丁香园,/faq/4625,脑炎
485,584e50d62face0273c7547aa,脑梗死 缺血性 脑梗塞 血压 血管 急性 溶栓,丁香园,/faq/4043,脑梗死
486,584e50d72face0273c7547ab,脑栓塞 血管 栓子 心脏 斑块 肢体,丁香园,/faq/3519,脑栓塞
487,584e50d92face0273c7547ac,脑出血 脑 血压 血肿 时 患侧 下肢 脑室 出血量 部位 意识 障碍 高血压 血管,丁香园,/faq/2395,脑出血
488,584e50da2face0273c7547ad,输精管 精子 结扎术,丁香园,/faq/6188,男性绝育手术输精管结扎术
489,584e50db2face0273c7547ae,阴茎 睾丸 阴囊 包皮,丁香园,/faq/6082,男性外生殖器损伤
490,584e50dc2face0273c7547af,乳腺 男性 睾酮,丁香园,/faq/4574,男性乳腺发育
491,584e50dd2face0273c7547b0,男性 精子 睾丸 精液,丁香园,/faq/2774,男性不育
492,584e50de2face0273c7547b1,用药 鼻腔 癫痫 时 药 疼痛,丁香园,/faq/4761,溺水诊后须知
493,584e50df2face0273c7547b2,心肺 肺水肿 溺水者 干性 肺部 淡水 水分 时 血液 海水 电解质 血管,丁香园,/faq/5325,溺水
494,584e50e02face0273c7547b3,柠檬水 癌症,丁香园,/faq/3299,柠檬水不防癌
495,584e50e22face0273c7547b4,阴道 念珠菌性 疼痛 外阴,丁香园,/faq/4763,念珠菌性阴道炎诊后须知
496,584e50e32face0273c7547b5,膀胱 尿频 尿急 尿液,丁香园,/faq/6690,尿频、尿急、尿痛
497,584e50e42face0273c7547b6,尿道 结石,丁香园,/faq/4903,尿道结石
498,584e50e52face0273c7547b7,尿道炎 尿道 细菌 分泌物,丁香园,/faq/4115,尿道炎
499,584e50e62face0273c7547b8,尿道 阴茎 尿,丁香园,/faq/3545,尿道下裂
500,584e50e72face0273c7547b9,尿路感染 尿 尿液 细菌 时 单纯性 急性,丁香园,/faq/3405,尿路感染
501,584e50e82face0273c7547ba,尿液 尿 颜色,丁香园,/faq/6510,尿色异常
502,584e50e92face0273c7547bb,结石 输尿管 尿路 碎石 尿石症 膀胱,丁香园,/faq/2378,尿石症
503,584e50ec2face0273c7547bc,膀胱 尿液 尿 导尿管 尿道,丁香园,/faq/4341,尿潴留
504,584e50ed2face0273c7547bd,尿毒症 磷 肾脏 血液 体重 时 肾功能 毒素 腹膜 尿量 钙 肾,丁香园,/faq/2398,尿毒症
505,584e50ee2face0273c7547be,屁股 纸尿裤,丁香园,/faq/3978,尿布疹
506,584e50ef2face0273c7547bf,尿崩症 尿 尿液 血管 加压素,丁香园,/faq/4340,尿崩症
507,584e50f02face0273c7547c0,皮 美容 眼角 皮肤 眼部,丁香园,/faq/2847,内眦赘皮
508,584e50f32face0273c7547c1,贫血 红细胞,丁香园,/faq/3731,贫血
509,584e50f42face0273c7547c2,葡萄膜 炎 视网膜 激素,丁香园,/faq/4458,葡萄膜炎
510,584e50f52face0273c7547c3,葡萄胎 性,丁香园,/faq/3895,葡萄胎
511,584e50f62face0273c7547c4,结石 膀胱,丁香园,/faq/2681,膀胱结石
512,584e50f82face0273c7547c5,膀胱 膀胱癌 肿瘤,丁香园,/faq/3410,膀胱癌
513,584e50f92face0273c7547c6,膀胱炎 膀胱 急性 间质性,丁香园,/faq/3079,膀胱炎
514,584e50fa2face0273c7547c7,脾 脾脏 腹腔 动脉,丁香园,/faq/4675,脾破裂
515,584e50fb2face0273c7547c8,脾 脾脏,丁香园,/faq/4949,脾切除
516,584e50fc2face0273c7547c9,伤口 疫苗 梭菌 外伤 毒素 局部 开放性,丁香园,/faq/4455,破伤风
517,584e50fd2face0273c7547ca,盆腔炎 性疾病 盆腔 输卵管 结核 生殖器 女性,丁香园,/faq/5128,盆腔炎
518,584e50fe2face0273c7547cb,皮肤 疙瘩,丁香园,/faq/6832,皮肤纤维瘤
519,584e51002face0273c7547cc,皮肤 皮瓣 疤痕 皮片,丁香园,/faq/3356,皮肤移植
520,584e51012face0273c7547cd,癣 真菌 甲 头癣 甲癣 用药 皮肤癣 细菌 体癣 花斑癣 头发 部位 股癣 头皮 鞋袜 脓癣 足癣,丁香园,/faq/2370,皮肤癣菌病
521,584e51022face0273c7547ce,皮肌炎 肌肉 激素 间质性 皮疹 肌炎 红斑 时 性 肌力,丁香园,/faq/2863,皮肌炎
522,584e51032face0273c7547cf,皮下 血小板 紫癜 出血性 凝血因子,丁香园,/faq/5232,皮下出血
523,584e51042face0273c7547d0,病毒 时 感冒药 痰 鼻塞 胎儿 肺炎 抵抗力 部位 流行性 鼻子 儿童 过敏性 体温 细菌 鼻炎 器官,丁香园,/faq/2452,普通感冒
524,584e51072face0273c7547d1,膀胱 前列腺 尿道 导尿管 结石 尿,丁香园,/faq/4671,排尿困难
525,584e51082face0273c7547d2,体温 基础体温 体温计,丁香园,/faq/3750,排卵期
526,584e51092face0273c7547d3,女性 卵巢 卵子 卵泡 基础体温 排卵期,丁香园,/faq/4571,排卵
527,584e510a2face0273c7547d4,时 用药 效果 性 病 障碍 肢体 脑 精神 样 肌 幻觉 脑炎 药效 恶心 服药 上肢 运动障碍 综合征 神经 蔬菜 病毒性 手指 药 细胞 屈曲 关节 变性 电,丁香园,/faq/2108,帕金森病
528,584e510b2face0273c7547d5,偏瘫 肢体 肌肉 时 部位 上肢 下肢 关节,丁香园,/faq/4951,偏瘫
529,584e510e2face0273c7547d6,偏头痛 头痛,丁香园,/faq/2845,偏头痛
530,584e510f2face0273c7547d7,骨折 青枝,丁香园,/faq/4734,青枝骨折
531,584e51112face0273c7547d8,眼压 眼球 视神经 房水 视野 眼睛 视力 眼药水 眼,丁香园,/faq/2111,青光眼
532,584e51122face0273c7547d9,雀斑 皮肤 色素,丁香园,/faq/3105,雀斑
533,584e51132face0273c7547da,铅 铅中毒 血,丁香园,/faq/3683,铅中毒
534,584e51142face0273c7547db,膀胱 尿 尿床,丁香园,/faq/3719,起夜
535,584e51152face0273c7547dc,脑梗死 性,丁香园,/faq/2985,腔隙性脑梗死
536,584e51162face0273c7547dd,疝 腹腔 成人 肚脐 患儿 脐部,丁香园,/faq/4633,脐疝
537,584e51172face0273c7547de,脐炎 局部 脐部 新生儿 时 脐带 分泌物 脓肿,丁香园,/faq/4342,脐炎
538,584e51182face0273c7547df,脐带 胎儿,丁香园,/faq/4215,脐带绕颈
539,584e511a2face0273c7547e0,贫血 铁 缺铁性 红细胞,丁香园,/faq/2455,缺铁性贫血
540,584e511b2face0273c7547e1,铁 贫血 缺铁 血红素 缺铁性 补铁,丁香园,/faq/6437,缺铁和补铁
541,584e511c2face0273c7547e2,少油 素菜 蛋 病 食用油,丁香园,/faq/3112,清淡饮食
542,584e511d2face0273c7547e3,清宫 内膜 阴道 月经 刮宫,丁香园,/faq/4879,清宫术
543,584e511e2face0273c7547e4,异物 气管,丁香园,/faq/4860,气道异物吸入
544,584e511f2face0273c7547e5,气胸 肺 胸膜 胸腔,丁香园,/faq/2994,气胸
545,584e51202face0273c7547e6,桥本 甲状腺炎 碘,丁香园,/faq/4518,桥本氏甲状腺炎
546,584e51222face0273c7547e7,心理治疗 心理 时 精神 强迫性 类药物 情绪 洁癖 念头 思想 森田疗法 思维 难治性 计数 服药 精神科 抗抑郁 疗法 意愿 强迫观念 效果 性格,丁香园,/faq/4216,强迫症
547,584e51232face0273c7547e8,脊柱炎 强直性 关节 脊柱 关节炎 疼痛,丁香园,/faq/2451,强直性脊柱炎
548,584e51242face0273c7547e9,眼睛 角膜 老视 散光 眼 视网膜 激光 孩子 状态,丁香园,/faq/3043,屈光不正
549,584e51252face0273c7547ea,精子 性生活 射精 精液 附睾,丁香园,/faq/5689,取精的注意事项
550,584e51272face0273c7547eb,卵泡 卵巢 数目 性生活,丁香园,/faq/5687,取卵的注意事项
551,584e51282face0273c7547ec,胎盘 前置,丁香园,/faq/2865,前置胎盘
552,584e51292face0273c7547ed,前列腺癌 前列腺 直肠,丁香园,/faq/7167,前列腺癌
553,584e512b2face0273c7547ee,前列腺炎 前列腺 男性,丁香园,/faq/2087,前列腺炎
554,584e512c2face0273c7547ef,前列腺 膀胱 尿道 尿,丁香园,/faq/3370,前列腺增生
555,584e512e2face0273c7547f0,全麻 用药 血压 气管 疼痛 插管 静脉 状态 风险 体温 效果,丁香园,/faq/6186,全身麻醉
556,584e512f2face0273c7547f1,韧带 关节,丁香园,/faq/3255,韧带损伤
557,584e51312face0273c7547f2,软骨 瘤,丁香园,/faq/2896,软骨瘤
558,584e51322face0273c7547f3,关节 软骨,丁香园,/faq/7213,软骨损伤
559,584e51332face0273c7547f4,伤口 皮肤 开放性 肌肉 神经 负压 拆线 肢体 血管 疼痛 部位 关节 感觉 骨折 疗法 选择性,丁香园,/faq/3550,软组织损伤
560,584e51352face0273c7547f5,软下疳 尿道 溃疡,丁香园,/faq/4456,软下疳
561,584e51362face0273c7547f6,绒毛 膜 癌,丁香园,/faq/3546,绒毛膜癌
562,584e51372face0273c7547f7,骨折 桡骨,丁香园,/faq/3068,桡骨骨折
563,584e51382face0273c7547f8,日光 性皮炎 皮肤,丁香园,/faq/3682,日光性皮炎
564,584e513a2face0273c7547f9,弱视 视力 眼,丁香园,/faq/3411,弱视
565,584e513b2face0273c7547fa,精子 精液 男性 精症 宫颈,丁香园,/faq/3457,弱精症
566,584e513c2face0273c7547fb,胆汁 淤积 肝,丁香园,/faq/6602,妊娠胆汁淤积
567,584e513d2face0273c7547fc,高血压 子痫 胎儿 血压 水肿,丁香园,/faq/2085,妊娠期高血压疾病
568,584e513e2face0273c7547fd,糖尿病 血糖,丁香园,/faq/4092,妊娠期糖尿病常见问题
569,584e51402face0273c7547fe,糖尿病 血糖 胰岛素,丁香园,/faq/2423,妊娠期糖尿病
570,584e51412face0273c7547ff,甲 甲亢 胎儿 产后 激素 甲状腺炎 妇女,丁香园,/faq/2948,妊娠期甲状腺疾病
571,584e51422face0273c754800,腹痛 宫外孕 阴道,丁香园,/faq/4759,妊娠早期腹痛诊后须知
572,584e51432face0273c754801,剧吐 孕妇 剧 葡萄胎 恶心 血清,丁香园,/faq/4343,妊娠剧吐
573,584e51442face0273c754802,直肠 如厕 肛裂 肌肉 肛门 稿件,丁香园,/faq/3488,如厕姿势
574,584e51462face0273c754803,禽流感 病毒 致病性 家禽,丁香园,/faq/2086,人禽流感
575,584e51472face0273c754804,人格障碍 人格 神经症,丁香园,/faq/4350,人格障碍
576,584e51482face0273c754805,精子 女性 输卵管 精液 供精 试管婴儿 常规 血型 性生活,丁香园,/faq/5803,人工授精
577,584e51492face0273c754806,伤口 服药 护理,丁香园,/faq/4760,人咬伤诊后须知
578,584e514a2face0273c754807,纤维 腺瘤 乳腺,丁香园,/faq/3034,乳腺纤维腺瘤
579,584e514b2face0273c754808,乳腺癌 化疗 乳房 受体 女性 内分泌 阳性 靶向,丁香园,/faq/2084,乳腺癌
580,584e514c2face0273c754809,乳腺炎 哺乳期 乳房 乳头,丁香园,/faq/2698,乳腺炎
581,584e514e2face0273c75480a,乳腺 乳房 肿块 疼痛,丁香园,/faq/3226,乳腺增生
582,584e514f2face0273c75480b,乳腺 囊性 病,丁香园,/faq/4672,乳腺囊性增生病
583,584e51502face0273c75480c,乳胶 手套 蛋白 皮疹,丁香园,/faq/4756,乳胶过敏诊后须知
584,584e51522face0273c75480d,肿块 乳房,丁香园,/faq/3549,乳房肿块
585,584e51532face0273c75480e,乳房 偏奶,丁香园,/faq/3818,乳房不对称
586,584e51552face0273c75480f,食管 裂孔,丁香园,/faq/7053,食管裂孔疝外科治疗
587,584e51562face0273c754810,食管 裂孔,丁香园,/faq/5661,食管裂孔疝
588,584e51572face0273c754811,食管 胃底 静脉,丁香园,/faq/4568,食管胃底静脉曲张
589,584e51582face0273c754812,食管癌 食管 肿瘤 胃 化疗 胃镜 疼痛 粘膜 胸腔,丁香园,/faq/2892,食管癌
590,584e51592face0273c754813,食管,丁香园,/faq/5731,食管狭窄
591,584e515a2face0273c754814,食管 食管炎 胃 流性,丁香园,/faq/3614,食管炎
592,584e515c2face0273c754815,盐 粗盐 精盐,丁香园,/faq/3828,食用盐
593,584e515e2face0273c754816,血液 红细胞 血浆 血 血型 时 血小板,丁香园,/faq/5881,输血
594,584e515f2face0273c754817,输液 心脏 状态 成人,丁香园,/faq/3207,输液速度
595,584e51602face0273c754818,输液,丁香园,/faq/3582,输液
596,584e51612face0273c754819,结石 输尿管,丁香园,/faq/2891,输尿管结石
597,584e51622face0273c75481a,输卵管 造影,丁香园,/faq/6093,输卵管造影
598,584e51632face0273c75481b,输卵管 肿瘤,丁香园,/faq/4466,输卵管肿瘤
599,584e51642face0273c75481c,输卵管 卵巢 性生活,丁香园,/faq/4567,输卵管绝育术
600,584e51662face0273c75481d,输卵管炎 输卵管 时 炎症 盆腔 腹痛,丁香园,/faq/3133,输卵管炎
601,584e51672face0273c75481e,骨化 个子 断骨 软骨,丁香园,/faq/4219,身高问题
602,584e51682face0273c75481f,指数 指标 腰围,丁香园,/faq/4128,身高体重指数
603,584e51692face0273c754820,甲亢 用药 碘 时 药 赛治,丁香园,/faq/5234,赛治
604,584e516a2face0273c754821,试管婴儿 胚胎 女性,丁香园,/faq/2906,试管婴儿
605,584e516c2face0273c754822,视网膜 玻璃体 裂孔 激光,丁香园,/faq/4087,视网膜脱离
606,584e516d2face0273c754823,视网膜 静脉 中央,丁香园,/faq/5660,视网膜中央静脉阻塞
607,584e516e2face0273c754824,神经炎 特发性 视神经,丁香园,/faq/6190,视神经炎
608,584e516f2face0273c754825,蛇毒 毒蛇 蛇咬伤 血清 伤口,丁香园,/faq/3458,蛇咬伤
609,584e51712face0273c754826,色素痣 痣 皮肤 皮损 局部,丁香园,/faq/2941,色素痣
610,584e51722face0273c754827,色盲 色觉 色弱 基因 色素 携带者,丁香园,/faq/4708,色盲色弱
611,584e51742face0273c754828,色斑 激光 痤疮 药品 黄褐斑 老人斑,丁香园,/faq/3213,色斑
612,584e51752face0273c754829,舌 舌炎 舌头,丁香园,/faq/6507,舌疾病 舌炎
613,584e51762face0273c75482a,腮腺炎 腮腺 导管 流行性,丁香园,/faq/5627,腮腺炎
614,584e51772face0273c75482b,肾脏 肾功能 肌酐 尿液 尿蛋白,丁香园,/faq/4880,肾脏功能检查
615,584e51782face0273c75482c,综合征 病毒 肾脏 肾 流行性 汉坦病毒 疫苗 少尿期 血,丁香园,/faq/2946,肾综合征出血热
616,584e51792face0273c75482d,肾结石 结石 尿液 肾脏,丁香园,/faq/3176,肾结石
617,584e517b2face0273c75482e,肾癌 肾脏 肿瘤 期 细胞 化疗,丁香园,/faq/4251,肾癌
618,584e517c2face0273c75482f,肾病 综合征 激素,丁香园,/faq/2107,肾病综合征
619,584e517d2face0273c754830,高血压 肾脏 肾性 血压,丁香园,/faq/3494,肾性高血压
620,584e517e2face0273c754831,肾小管 远端 尿 原发性 尿液 血症,丁香园,/faq/4344,肾小管酸中毒
621,584e51802face0273c754832,肾小球 肾炎 肾脏 肾功能 高血压 血尿 血压,丁香园,/faq/3001,肾小球肾炎
622,584e51812face0273c754833,肾囊肿 囊肿 多囊肾,丁香园,/faq/3000,肾囊肿
623,584e51822face0273c754834,胶质瘤 细胞 胶质,丁香园,/faq/2617,神经胶质瘤（脑癌的一种）
624,584e51832face0273c754835,疼痛 神经痛 神经,丁香园,/faq/4462,神经痛
625,584e51842face0273c754836,皮炎 神经性 皮肤 皮损,丁香园,/faq/2368,神经性皮炎
626,584e51852face0273c754837,规律 质量 安眠药 生物钟 伤身 节律 黑夜 光源,丁香园,/faq/3156,睡眠问题
627,584e51862face0273c754838,综合征 呼吸机 气道 通气 鼻,丁香园,/faq/4827,睡眠呼吸暂停综合征
628,584e51882face0273c754839,晚饭 咖啡因 稿件 热量,丁香园,/faq/3720,睡前吃太多
629,584e51892face0273c75483a,腿,丁香园,/faq/3100,瘦腿
630,584e518a2face0273c75483b,疝 疝气 腹股沟 疝囊 腹壁 肠管 疝的 腹部,丁香园,/faq/2944,疝气
631,584e518b2face0273c75483c,年龄 女性 卵子,丁香园,/faq/3070,生育年龄
632,584e518c2face0273c75483d,创面 热力 瘢痕 植皮 皮肤,丁香园,/faq/3500,烧伤
633,584e518d2face0273c75483e,湿疹 过敏原 皮疹 激素,丁香园,/faq/2109,湿疹
634,584e518e2face0273c75483f,血栓 静脉 血液,丁香园,/faq/4755,深静脉血栓形成（DVT）诊后须知
635,584e51902face0273c754840,静脉 血栓,丁香园,/faq/4204,深静脉血栓
636,584e51912face0273c754841,沙眼 角膜 口服,丁香园,/faq/2623,沙眼
637,584e51922face0273c754842,水肿 血管,丁香园,/faq/4948,水肿
638,584e51932face0273c754843,水痘 带状疱疹 皮疹,丁香园,/faq/3501,水痘
639,584e51942face0273c754844,死胎 胎儿 孕妇,丁香园,/faq/6330,死产 死胎
640,584e51952face0273c754845,散利痛 本品 复方 感冒药 用药,丁香园,/faq/3830,散利痛
641,584e51962face0273c754846,口病 疱疹 孩子 时 风险 重症 丙种球蛋白 病毒 患儿,丁香园,/faq/2110,手足口病
642,584e51972face0273c754847,手腕 部 骨折,丁香园,/faq/5730,手腕部外伤
643,584e51992face0273c754848,手腕 腕部 神经 疼痛 关节,丁香园,/faq/5324,手腕痛
644,584e519a2face0273c754849,手癣 真菌 皮肤 软膏 角化 菌,丁香园,/faq/2949,手癣
645,584e519b2face0273c75484a,皮肤 水疱 用药 脚 手脚 脓疱 脱皮 真菌 药膏 软膏 皮炎,丁香园,/faq/6285,手痒脚痒
646,584e519c2face0273c75484b,手 汗 原发性 胸腔镜 胸腔 链 插管,丁香园,/faq/2723,手汗症
647,584e519d2face0273c75484c,手指 骨折 夹板,丁香园,/faq/4898,手指骨折（闭合性）诊后须知
648,584e519f2face0273c75484d,手指 石膏,丁香园,/faq/4814,手指错位诊后须知
649,584e51a02face0273c75484e,伤口 手指,丁香园,/faq/4816,手指撕裂伤诊后须知
650,584e51a12face0273c75484f,手指 疼痛,丁香园,/faq/4817,手指扭伤诊后须知
651,584e51a32face0273c754850,手指 夹板,丁香园,/faq/4818,手指夹伤诊后须知
652,584e51a52face0273c754851,关节 手指,丁香园,/faq/5385,手指关节疼痛
653,584e51a72face0273c754852,皮肤 指甲 稿件,丁香园,/faq/3263,手指倒刺
654,584e51a82face0273c754853,手 韧带 时,丁香园,/faq/4751,手扭伤诊后须知
655,584e51a92face0273c754854,肌腱 外伤 手部 手 神经 皮肤 骨折,丁香园,/faq/2939,手外伤
656,584e51aa2face0273c754855,速 心脏 射频 心电图 消融术 时,丁香园,/faq/7002,室上速
657,584e51ab2face0273c754856,心动过速 室上性 心脏 速,丁香园,/faq/4752,室上性心动过速诊后须知
658,584e51ac2face0273c754857,失眠症 安眠药 躯体 节律 精神障碍 轻音乐,丁香园,/faq/4758,失眠诊后须知
659,584e51ad2face0273c754858,安眠药 老年人 失眠症 效率 躯体 日记 床 情绪 年龄 节律 效果,丁香园,/faq/2369,失眠
660,584e51af2face0273c754859,声带 息肉,丁香园,/faq/2449,声带息肉
661,584e51b02face0273c75485a,声带 小结,丁香园,/faq/2459,声带小结
662,584e51b12face0273c75485b,胎儿 畸形 图像,丁香园,/faq/4835,四维彩超
663,584e51b22face0273c75485c,综合征 性 时 病 腿 障碍 图 导 体重,丁香园,/faq/4769,嗜睡
664,584e51b32face0273c75485d,综合征 溃疡 服药 伤口 口腔,丁香园,/faq/4753,史蒂文斯-约翰逊综合征诊后须知
665,584e51b42face0273c75485e,双相 障碍,丁香园,/faq/4881,双相情感障碍（诊后须知）
666,584e51b62face0273c75485f,溃疡 幽门 螺杆菌,丁香园,/faq/2678,十二指肠溃疡
667,584e51b72face0273c754860,伤寒杆菌 带菌者 细菌 粪便 菌 白细胞 沙门 肠穿孔 血象 副伤寒 消化道 脉搏,丁香园,/faq/4516,伤寒
668,584e51b82face0273c754861,唾液 抗菌 伤口,丁香园,/faq/3625,伤口处理误区
669,584e51b92face0273c754862,上肢 腱鞘炎 疼痛 时,丁香园,/faq/4757,上肢腱鞘炎诊后须知
670,584e51ba2face0273c754863,关节 肩关节 肘关节 桡骨,丁香园,/faq/4778,上肢关节脱位
671,584e51bb2face0273c754864,节育器 月经 内膜 环 宫腔 产后,丁香园,/faq/3919,上环取环
672,584e51bc2face0273c754865,食管 溃疡 消化道 胃底 胃镜 时 出血量 肝硬化 消化性 血,丁香园,/faq/4823,上消化道出血
673,584e51be2face0273c754866,用药 饮料 止咳药 药 时 水 喷雾 镇痛药 绿色 颈部 鼻涕 感冒药 服药,丁香园,/faq/4754,上呼吸道感染诊后须知
674,584e51bf2face0273c754867,粒细胞 常规 红细胞 血常规 淋巴细胞 骨髓 白血病 中性 急性 指标 性 白细胞 蛋白尿 尿 时,丁香园,/faq/3074,三大常规检查
675,584e51c02face0273c754868,三叉神经痛 三叉神经 疼痛 原发性 神经,丁香园,/faq/2448,三叉神经痛
676,584e51c12face0273c754869,视神经 脊髓炎 脱髓鞘,丁香园,/faq/6090,脱髓鞘病变和视神经脊髓炎
677,584e51c22face0273c75486a,过敏性 哮喘 鼻炎 过敏原 制剂 效果 舌下,丁香园,/faq/6596,脱敏治疗
678,584e51c32face0273c75486b,头发 毛囊 期 男性 头皮 女性 雄胺,丁香园,/faq/2379,脱发
679,584e51c42face0273c75486c,胎膜 胎儿 羊水 新生儿,丁香园,/faq/3981,胎膜早破
680,584e51c62face0273c75486d,胎盘 胎儿 孕妇 阴道,丁香园,/faq/3454,胎盘早剥
681,584e51c72face0273c75486e,胎儿 羊水 胎动 胎盘,丁香园,/faq/2260,胎儿窘迫
682,584e51c82face0273c75486f,皮质激素 激素 药 炎症 糖 皮质 激素类 糖皮质 用药 皮肤 滴眼液 时 局部 氢化,丁香园,/faq/4414,糖皮质激素
683,584e51c92face0273c754870,糖尿病 酮症 酮体 时 胰岛素,丁香园,/faq/4413,糖尿病酮症酸中毒
684,584e51ca2face0273c754871,糖尿病足 截肢 糖尿病 血管 溃疡 脚 老茧 皮肤 感觉,丁香园,/faq/3681,糖尿病足
685,584e51cb2face0273c754872,糖尿病 肾病,丁香园,/faq/2983,糖尿病肾病
686,584e51cc2face0273c754873,糖尿病 神经病 疼痛 感觉 神经 糖尿病足,丁香园,/faq/4345,糖尿病神经病变
687,584e51cd2face0273c754874,视网膜 糖尿病 性,丁香园,/faq/3617,糖尿病性视网膜病变
688,584e51cf2face0273c754875,糖尿病 胃肠 神经病 性,丁香园,/faq/4624,糖尿病性胃肠神经病变
689,584e51d02face0273c754876,低血糖 糖尿病 血糖,丁香园,/faq/2997,糖尿病低血糖症
690,584e51d12face0273c754877,糖尿病 能量 蛋白质 膳食 体重 碳水化合物 摄入量,丁香园,/faq/6413,糖尿病之怎么吃
691,584e51d22face0273c754878,糖尿病 血糖 胰岛素,丁香园,/faq/2083,糖尿病
692,584e51d32face0273c754879,痛风 嘌呤 食用 膳食,丁香园,/faq/6341,痛风饮食（二）
693,584e51d42face0273c75487a,痛风 嘌呤 食用 膳食 量 蛋白质,丁香园,/faq/6012,痛风饮食问答（一）
694,584e51d52face0273c75487b,痛风 尿酸 血尿酸,丁香园,/faq/6255,痛风问答（二）
695,584e51d72face0273c75487c,痛风 尿酸 秋水仙碱 非甾体,丁香园,/faq/6556,痛风问答（三）
696,584e51d82face0273c75487d,痛风 尿酸 药 时,丁香园,/faq/6014,痛风问答（一）
697,584e51d92face0273c75487e,痛风性 关节炎 关节 尿酸,丁香园,/faq/3733,痛风性关节炎
698,584e51da2face0273c75487f,痛风 尿酸 血症 高尿酸,丁香园,/faq/3122,痛风
699,584e51db2face0273c754880,疼痛 女性 月经 原发性 继发性 月经期,丁香园,/faq/4884,痛经（诊后须知）
700,584e51dc2face0273c754881,内膜 异位症 卵巢 月经 疼痛 原发性 盆腔 异位 红糖,丁香园,/faq/2430,痛经
701,584e51dd2face0273c754882,性皮炎 特应 皮肤 过敏性,丁香园,/faq/7008,特应性皮炎
702,584e51df2face0273c754883,面瘫 面神经 特发性 肌 时 神经 表情 天 面肌 性,丁香园,/faq/2614,特发性面瘫
703,584e51e02face0273c754884,水泡 皮肤 红肿,丁香园,/faq/4882,烫伤（诊后须知）
704,584e51e12face0273c754885,伤口 绷带 护理 止痛药 消化道,丁香园,/faq/4883,烫伤感染（诊后须知）
705,584e51e22face0273c754886,耳道 耳屎 皮肤,丁香园,/faq/3827,掏耳朵
706,584e51e32face0273c754887,头部 外伤 抗炎药,丁香园,/faq/4886,头部外伤（较轻微）诊后须知
707,584e51e42face0273c754888,头部 外伤,丁香园,/faq/4885,头部受伤（可能发生昏迷）诊后须知
708,584e51e52face0273c754889,头皮屑 头皮 鳞屑 皮脂 色菌 头发,丁香园,/faq/2780,头皮屑
709,584e51e72face0273c75488a,头痛 偏头痛,丁香园,/faq/4887,头痛（诊后须知）
710,584e51e82face0273c75488b,头痛 疼痛 部位,丁香园,/faq/4346,头痛
711,584e51e92face0273c75488c,头晕 性 低血压 病 前庭 时 偏头痛 意识,丁香园,/faq/3047,头晕
712,584e51ea2face0273c75488d,天疱疮 皮肤 皮质激素 水疱 皮损 抗体 性,丁香园,/faq/2425,天疱疮
713,584e51eb2face0273c75488e,唾液腺 涎石病 结石,丁香园,/faq/4569,唾液腺结石病（涎石病）
714,584e51ec2face0273c75488f,胎儿 综合征 羊水 孕妇 染色体,丁香园,/faq/5041,唐氏筛查
715,584e51ed2face0273c754890,听神经 瘤,丁香园,/faq/6744,听神经瘤
716,584e51ef2face0273c754891,听力 听阈 时 纯音 声音 患儿 孩子,丁香园,/faq/5299,听力检查
717,584e51f02face0273c754892,耳机 音量 听力,丁香园,/faq/3198,听力受损
718,584e51f12face0273c754893,食管 贲门 时 肌肉 神经 性 咽性 肌无力 重症 延髓 精神,丁香园,/faq/4771,吞咽困难
719,584e51f22face0273c754894,同性 婚姻 艾滋病 性取向 国际,丁香园,/faq/3257,同性恋
720,584e51f32face0273c754895,毛囊 剃毛 新长 激素水平,丁香园,/faq/3392,剃毛发问题
721,584e51f42face0273c754896,肿物 体表 恶性,丁香园,/faq/3863,体表肿物
722,584e51f62face0273c754897,汀 类药物,丁香园,/faq/6067,他汀类降脂药
723,584e51f72face0273c754898,蚊子 病毒,丁香园,/faq/3527,蚊虫传播疾病
724,584e51f82face0273c754899,腕管 综合征 神经 感觉 腕部,丁香园,/faq/2663,腕管综合征
725,584e51f92face0273c75489a,食管 胃 流病,丁香园,/faq/3045,胃食管反流病
726,584e51fa2face0273c75489b,胃镜 胃炎 内镜 幽门,丁香园,/faq/4566,胃镜
727,584e51fb2face0273c75489c,胃癌 化疗 螺杆菌,丁香园,/faq/2082,胃癌
728,584e51fc2face0273c75489d,胃炎 幽门 急性 螺杆菌 萎缩性 胃镜,丁香园,/faq/2464,胃炎
729,584e51fe2face0273c75489e,胃溃疡 胃镜 幽门 螺杆菌,丁香园,/faq/3615,胃溃疡
730,584e51ff2face0273c75489f,息肉 胃,丁香园,/faq/5596,胃息肉
731,584e52002face0273c7548a0,胃石 异物 胃,丁香园,/faq/5329,胃内异物
732,584e52012face0273c7548a1,胃下垂 胃 钡餐,丁香园,/faq/4525,胃下垂
733,584e52022face0273c7548a2,钙 孕妇 骨质疏松症 磷 骨骼 摄入量 紫外线 骨质 鱼肝油 哺乳期 小肠 肝脏 过量 胆固醇 激素 糖尿病 日照 皮肤 佝偻病,丁香园,/faq/4217,维生素 D 缺乏
734,584e52032face0273c7548a3,皮肤 视黄醇 儿童 孕妇 角化 婴幼儿 暗适应 原 视觉 摄入量 胡萝卜素 眼科 浓度 眼睛 过量 障碍 女性 癌症 血清,丁香园,/faq/4347,维生素 A 缺乏
735,584e52052face0273c7548a4,补充剂 膳食 稿件,丁香园,/faq/3544,维生素
736,584e52062face0273c7548a5,心绞痛 稳定型 心脏 血管,丁香园,/faq/2457,稳定型心绞痛
737,584e52072face0273c7548a6,高血压 血压 咖啡因,丁香园,/faq/4888,未得到控制的高血压（诊后须知）
738,584e52082face0273c7548a7,疼痛 颈部,丁香园,/faq/4889,无创伤性颈部疼痛（诊后须知）
739,584e52092face0273c7548a8,肝炎 病毒性,丁香园,/faq/6688,戊型病毒性肝炎
740,584e520b2face0273c7548a9,外阴 白斑,丁香园,/faq/2732,外阴白斑
741,584e520c2face0273c7548aa,外阴 癌 肿瘤,丁香园,/faq/6411,外阴癌
742,584e520d2face0273c7548ab,外阴 念珠菌 阴虱 湿疹 疥疮 病 股癣,丁香园,/faq/4289,外阴瘙痒
743,584e520e2face0273c7548ac,腹部 肠 肠穿孔 腹腔 肠管 穿孔 肠道 开放性 外伤,丁香园,/faq/4403,外伤性肠破裂与肠穿孔
744,584e52102face0273c7548ad,卫生棉 条 处女膜,丁香园,/faq/3560,卫生棉条
745,584e52112face0273c7548ae,锌 儿童 缺锌,丁香园,/faq/4617,锌缺乏
746,584e52132face0273c7548af,饮酒 酒精 酒药 醉酒者,丁香园,/faq/3199,醒酒
747,584e52142face0273c7548b0,血 胸腔 胸部 胸膜 血液,丁香园,/faq/3801,血胸
748,584e52152face0273c7548b1,血糖 糖化,丁香园,/faq/7004,血糖监测
749,584e52162face0273c7548b2,血管 畸形 部位 婴幼儿 病灶 皮肤 海绵状,丁香园,/faq/4252,血管瘤
750,584e52172face0273c7548b3,血管 痣,丁香园,/faq/6675,血管痣
751,584e52182face0273c7548b4,血管炎 血管 皮质激素 皮肤,丁香园,/faq/2722,血管炎
752,584e52192face0273c7548b5,血友病 血管性,丁香园,/faq/5880,血管性血友病
753,584e521b2face0273c7548b6,血液 状态 高凝,丁香园,/faq/4896,血液高凝状态（诊后须知）
754,584e521c2face0273c7548b7,血液 肾脏 磷 血管 血 毒素,丁香园,/faq/4570,血液透析
755,584e521d2face0273c7548b8,脉管炎 血栓 闭塞性,丁香园,/faq/4773,血栓闭塞性脉管炎
756,584e521e2face0273c7548b9,静脉 血栓性 血管,丁香园,/faq/4048,血栓性静脉炎
757,584e521f2face0273c7548ba,血尿 尿液 膀胱 尿,丁香园,/faq/4047,血尿
758,584e52202face0273c7548bb,血小板 骨髓,丁香园,/faq/6505,血小板增多症
759,584e52222face0273c7548bc,血小板,丁香园,/faq/3619,血小板减少症
760,584e52232face0273c7548bd,血小板 紫癜 性,丁香园,/faq/2772,血小板减少性紫癜
761,584e52242face0273c7548be,血吸虫病 血吸虫 虫卵 粪便 疫水 钉螺,丁香园,/faq/5125,血吸虫病
762,584e52252face0273c7548bf,血友病 凝血因子 基因,丁香园,/faq/4049,血友病
763,584e52262face0273c7548c0,荨麻疹 激素 过敏原,丁香园,/faq/2080,荨麻疹
764,584e52272face0273c7548c1,膝盖 膝关节 关节 疼痛 半月板,丁香园,/faq/6676,膝盖痛
765,584e52292face0273c7548c2,腿 膝关节 畸形 关节 骨头 佝偻病,丁香园,/faq/4834,膝内翻、外翻
766,584e522a2face0273c7548c3,膝关节 关节 关节炎,丁香园,/faq/2775,膝关节骨性关节炎
767,584e522b2face0273c7548c4,关节 疼痛 膝关节,丁香园,/faq/3402,膝关节疼痛
768,584e522c2face0273c7548c5,腺样体 患儿 听力 孩子 鼻咽 扁桃体,丁香园,/faq/4953,腺样体肥大
769,584e522d2face0273c7548c6,胸闷 心脏 胸痛 时 感觉,丁香园,/faq/4573,胸闷
770,584e522f2face0273c7548c7,胸部 肋骨 骨折 胸腔 气胸 肺 外伤,丁香园,/faq/3734,胸部损伤
771,584e52302face0273c7548c8,胸膜炎 胸膜 胸腔,丁香园,/faq/2901,胸膜炎
772,584e52312face0273c7548c9,腺瘤 化疗 胸 肿瘤 胸腺,丁香园,/faq/3036,胸腺瘤
773,584e52322face0273c7548ca,胸水 腹水 胸膜 时 性 腹腔 疼痛 胸腔 水分 液体 头晕 肺,丁香园,/faq/4113,胸腹腔穿刺
774,584e52332face0273c7548cb,胸腔 积液 胸膜,丁香园,/faq/3920,胸腔积液
775,584e52342face0273c7548cc,胸痛 时 急性 疼痛 肺栓塞 感觉 主动脉 胸部 心绞痛,丁香园,/faq/4656,胸痛
776,584e52352face0273c7548cd,肺 疼痛 气管 胸外科 痰 胸腔 食管 肺部 心脏 液体 胸部 时 闭式,丁香园,/faq/5581,胸外科术前术后须知
777,584e52362face0273c7548ce,阴道 细菌性 病,丁香园,/faq/3496,细菌性阴道炎
778,584e52382face0273c7548cf,胃肠炎 细菌性 儿童 肝脏 面条 腹痛 时,丁香园,/faq/4764,细菌性胃肠炎诊后须知（6 岁以上）
779,584e52392face0273c7548d0,细菌性痢疾 痢疾杆菌 痢疾 粪便 肠道,丁香园,/faq/5594,细菌性痢疾
780,584e523a2face0273c7548d1,肌痛 纤维 综合征,丁香园,/faq/5694,纤维肌痛综合征的表现和治疗
781,584e523b2face0273c7548d2,肌痛 纤维 综合征,丁香园,/faq/2731,纤维肌痛综合征
782,584e523c2face0273c7548d3,红斑狼疮 抗体 狼疮 红斑 皮肤 阳性 激素 时 磷脂 贫血 皮质激素 综合征 精神 肾炎 用药,丁香园,/faq/2426,系统性红斑狼疮
783,584e523d2face0273c7548d4,硬化症 皮肤 硬皮病 皮质激素 激素 肺纤维化 危象 儿童,丁香园,/faq/3080,系统性硬化症
784,584e523e2face0273c7548d5,矽肺 肺 粉尘 结节,丁香园,/faq/3238,矽肺
785,584e52402face0273c7548d6,血液 稿件,丁香园,/faq/3507,献血问题
786,584e52412face0273c7548d7,血液 献血者 量 血 血小板 全血,丁香园,/faq/4290,献血
787,584e52422face0273c7548d8,细菌 皮疹 舌 草莓 炎症 链球菌 咽部 时 学校 肾脏 患儿 咽峡炎 学生 学 对症 抗体 流食 科 头痛,丁香园,/faq/4351,猩红热
788,584e52432face0273c7548d9,室 消化道,丁香园,/faq/5388,消化道憩室
789,584e52442face0273c7548da,消化道 部位 直肠,丁香园,/faq/4891,消化道出血（诊后须知）
790,584e52452face0273c7548db,溃疡 消化性,丁香园,/faq/4892,消化性溃疡（诊后须知）
791,584e52462face0273c7548dc,溃疡 消化性 消化道 内镜,丁香园,/faq/3924,消化性溃疡出血
792,584e52482face0273c7548dd,溃疡 消化性 胃 胃镜 黏膜 胃酸 幽门,丁香园,/faq/2081,消化性溃疡
793,584e52492face0273c7548de,牙齿 牙 牙石,丁香园,/faq/6704,洗牙
794,584e524a2face0273c7548df,胆红素 黄疸 新生儿,丁香园,/faq/3917,新生儿黄疸
795,584e524b2face0273c7548e0,肺 透明膜 患儿 病,丁香园,/faq/3288,新生儿肺透明膜病
796,584e524c2face0273c7548e1,新生儿 肺炎,丁香园,/faq/3188,新生儿肺炎
797,584e524e2face0273c7548e2,新生儿 脑病 缺血性,丁香园,/faq/4947,新生儿缺氧缺血性脑病
798,584e524f2face0273c7548e3,新生儿 胎儿 早产 科 孕妇,丁香园,/faq/3923,新生儿窒息
799,584e52502face0273c7548e4,小肠 坏死性 新生儿 结肠炎,丁香园,/faq/2672,新生儿坏死性小肠结肠炎
800,584e52512face0273c7548e5,红装 伪麻黄碱 感冒药 盐酸 药,丁香园,/faq/3829,新康泰克-红装
801,584e52522face0273c7548e6,斜颈 肌性 畸形 乳突 颈部,丁香园,/faq/4044,斜颈
802,584e52532face0273c7548e7,斜视 共同性,丁香园,/faq/3520,斜视
803,584e52542face0273c7548e8,性病 性 病 梅毒 淋病 生殖器,丁香园,/faq/4954,性病概述
804,584e52562face0273c7548e9,马桶 性病 病 病原体,丁香园,/faq/3242,性病
805,584e52572face0273c7548ea,性欲 女性 性生活 男性,丁香园,/faq/3046,性欲减退
806,584e52582face0273c7548eb,骨龄 阴毛 孩子 乳房 性 睾丸 年龄 儿童 女孩 初潮,丁香园,/faq/2671,性早熟
807,584e52592face0273c7548ec,心脏 性,丁香园,/faq/4857,心脏性猝死
808,584e525a2face0273c7548ed,射频 心脏 消融术,丁香园,/faq/4916,心脏射频消融治疗
809,584e525b2face0273c7548ee,心肺 心脏 时 脑死亡 脑干 脑 体表 气道 植物 现场 吹气 指 状态 手 氧气,丁香园,/faq/5865,心肺复苏
810,584e525c2face0273c7548ef,冠心病 心肌 心脏 急性 性 女性 时 心绞痛 血管 高血压 冠脉 心肌梗死 心肌病 血压 缺血性,丁香园,/faq/2730,心肌缺血
811,584e525e2face0273c7548f0,心肌炎 病毒 心脏 心肌 机体,丁香园,/faq/3007,心肌炎
812,584e52602face0273c7548f1,心绞痛 冠心病 心肌 疼痛 血管 造影 动脉 时,丁香园,/faq/2677,心绞痛
813,584e52612face0273c7548f2,心电图 心脏 电极 常规,丁香园,/faq/4738,心电图
814,584e52622face0273c7548f3,房颤 射频 心脏,丁香园,/faq/3369,心房颤动
815,584e52632face0273c7548f4,心率 疼痛 胸部 心脏病 迹象 心脏 瘀伤 感觉 蔬菜 手臂,丁香园,/faq/4894,心房扑动或颤动（诊后须知）
816,584e52642face0273c7548f5,心脏 用药 感觉 水肿 时,丁香园,/faq/4895,心悸（诊后须知）
817,584e52652face0273c7548f6,心脏 时 脉搏 高血压 心脏病 心肌 心率 感觉 射频 导管 血压 孕妇 头晕 心动过速 低血压,丁香园,/faq/4142,心悸
818,584e526a2face0273c7548f7,盐酸 血压 服药,丁香园,/faq/4768,心得安（盐酸普萘洛尔片）
819,584e526b2face0273c7548f8,心脏 心动过速 房室 心律 电极 性 电复 心房 导线 电 室性 电信号 消融,丁香园,/faq/3413,心律失常
820,584e526c2face0273c7548f9,心包 积液,丁香园,/faq/4045,心包积液
821,584e526e2face0273c7548fa,心包炎 心包 心脏,丁香园,/faq/4737,心包炎
822,584e526f2face0273c7548fb,心动 心脏,丁香园,/faq/4893,心动过缓（诊后须知）
823,584e52702face0273c7548fc,心衰 心脏 时 心脏病 心肌 血管 性 血液 心肌病 利尿剂,丁香园,/faq/2113,心力衰竭
824,584e52712face0273c7548fd,小儿麻痹症 肢体 病毒 肌肉 儿童 消化道 脊髓灰质炎,丁香园,/faq/5692,小儿麻痹症
825,584e52722face0273c7548fe,轮状病毒 肠炎 补液 口服 患儿,丁香园,/faq/2462,小儿轮状病毒性肠炎
826,584e52732face0273c7548ff,腹股沟 疝 袜子 患儿 脚,丁香园,/faq/3728,小儿腹股沟斜疝
827,584e52752face0273c754900,贫血 缺铁性 小儿,丁香园,/faq/2987,小儿缺铁性贫血
828,584e52762face0273c754901,小儿 细菌 孩子 抗菌 青霉素 头孢 服药 口服 霉素 类药物 类抗生素,丁香园,/faq/3246,小儿抗生素使用问答
829,584e52772face0273c754902,寻常疣 皮肤 病毒 表面 瘤 乳头 部位,丁香园,/faq/3904,寻常疣
830,584e52782face0273c754903,综合征 乳糖 小肠 碳水化合物 肠 肠道,丁香园,/faq/5501,吸收不良综合征
831,584e52792face0273c754904,吸入性 气道 火灾现场 烟雾 气管 通气,丁香园,/faq/4415,吸入性损伤
832,584e527a2face0273c754905,先天性 肾积水 肾盂,丁香园,/faq/3986,先天性肾盂积水
833,584e527b2face0273c754906,白内障 先天性,丁香园,/faq/2393,先天性白内障
834,584e527d2face0273c754907,先心病 心脏病 先天性 心脏 右心室 患儿 时 发绀,丁香园,/faq/3130,先天性心脏病
835,584e527e2face0273c754908,畸形 指,丁香园,/faq/3374,先天性并指、多指畸形
836,584e527f2face0273c754909,先兆 阴道,丁香园,/faq/4890,先兆流产（诊后须知）
837,584e52802face0273c75490a,先兆 宫颈 胚胎 阴道 保胎,丁香园,/faq/4141,先兆流产
838,584e52812face0273c75490b,感染性 血管 血压 血 过敏性 皮肤 期 细胞 量 器官 心源性 性 急性 静脉 心肌 尿量 活性,丁香园,/faq/4825,休克
839,584e52822face0273c75490c,静脉 血栓 下肢,丁香园,/faq/3586,下肢深静脉血栓
840,584e52842face0273c75490d,下肢 血管 疼痛,丁香园,/faq/3724,下肢动脉硬化闭塞症
841,584e52852face0273c75490e,下肢 动脉,丁香园,/faq/4143,下肢动脉栓塞
842,584e52862face0273c75490f,髋关节 关节 骨折 股骨头,丁香园,/faq/5390,下肢关节脱位
843,584e52872face0273c754910,消化道 小肠 栓塞 内镜 动脉 血管 时 肠道,丁香园,/faq/3412,下消化道出血
844,584e52882face0273c754911,皮肤 基因 鳞屑 儿女 患病 病 性 年龄 遗传性 患儿 蛇皮 胎儿,丁香园,/faq/5236,鱼鳞病（遗传性皮肤角化病）
845,584e52892face0273c754912,鱼肝油 制剂 婴幼儿 摄入量,丁香园,/faq/6938,鱼肝油
846,584e528a2face0273c754913,隐翅虫 皮炎,丁香园,/faq/6256,隐翅虫皮炎
847,584e528c2face0273c754914,隐睾 睾丸,丁香园,/faq/3285,隐睾
848,584e528e2face0273c754915,阴道 壁 前壁,丁香园,/faq/7340,阴道膨出
849,584e528f2face0273c754916,阴道 癌,丁香园,/faq/5384,阴道癌
850,584e52902face0273c754917,阴道 直肠 膀胱 尿,丁香园,/faq/3258,阴道瘘
851,584e52912face0273c754918,阴道 外阴 病 白带 炎症 分泌物 假丝,丁香园,/faq/2088,阴道炎
852,584e52922face0273c754919,阴道 时 内膜 宫颈 女性 月经,丁香园,/faq/6433,阴道异常出血
853,584e52932face0273c75491a,阴茎 海绵体,丁香园,/faq/3624,阴茎海绵体硬结症
854,584e52942face0273c75491b,湿疹 阴囊,丁香园,/faq/2392,阴囊湿疹
855,584e52962face0273c75491c,银屑病 皮肤 光疗 鳞屑 紫外线,丁香园,/faq/5130,银屑病及其治疗
856,584e52972face0273c75491d,银屑病 关节炎 关节 皮肤,丁香园,/faq/2063,银屑病
857,584e52992face0273c75491e,营养素 体重 蛋白质 能量 儿童 老年人 风险 肠,丁香园,/faq/5830,营养素缺乏型营养不良
858,584e529b2face0273c75491f,皮肤 过敏性 皮试 时 用药 皮疹 水肿 青霉素 重症 性 轻者 重者 体质 性皮炎,丁香园,/faq/4501,药物过敏
859,584e529c2face0273c754920,人流 阴道 药流 胚胎 用药 清宫 胎囊 状态 服药 女性,丁香园,/faq/4114,药物流产
860,584e52a02face0273c754921,肝 肝脏 中药 保肝 药物性,丁香园,/faq/5862,药物性肝损害
861,584e52a12face0273c754922,腰腿痛 疼痛 脊柱 时 腰椎 神经 肌肉 肿瘤,丁香园,/faq/2553,腰腿痛
862,584e52a22face0273c754923,腰部 肌肉 时 腰痛 腰 腰椎 疼痛 脊柱 韧带 状态 压痛,丁香园,/faq/2432,腰肌劳损
863,584e52a32face0273c754924,腰痛 疼痛 孕妇 时 肌肉 腰部 脊柱 重物 腰背,丁香园,/faq/4459,腰痛
864,584e52a52face0273c754925,腰椎间盘 椎间盘 神经 时,丁香园,/faq/2079,腰椎间盘突出症
865,584e52a62face0273c754926,腰椎 神经 下肢 疼痛 腰 椎管 腰部,丁香园,/faq/2522,腰椎管狭窄症
866,584e52a72face0273c754927,腰 脑脊液 脊髓 头痛 脑,丁香园,/faq/3994,腰椎穿刺
867,584e52a82face0273c754928,腰椎 椎体 神经 跛行 脊柱,丁香园,/faq/4038,腰椎滑脱症
868,584e52a92face0273c754929,胰腺癌 肿瘤 糖尿病 胰腺 黄疸 腹痛 化疗 癌 胰腺炎,丁香园,/faq/2427,胰腺癌
869,584e52aa2face0273c75492a,胰腺炎 急性 胰腺,丁香园,/faq/2523,胰腺炎
870,584e52ab2face0273c75492b,胰岛素 糖尿病,丁香园,/faq/4463,胰岛素
871,584e52ac2face0273c75492c,胬肉 翼状,丁香园,/faq/4254,翼状胬肉
872,584e52ae2face0273c75492d,羊水 胎儿 孕妇,丁香园,/faq/4517,羊水穿刺
873,584e52af2face0273c75492e,羊水 胎儿,丁香园,/faq/3987,羊水异常
874,584e52b02face0273c75492f,血肿 脑膜,丁香园,/faq/4496,硬膜外血肿
875,584e52b12face0273c754930,血肿 硬膜,丁香园,/faq/6768,硬膜下血肿
876,584e52b22face0273c754931,眼花 感觉 视网膜 视力 眼睛 发花,丁香园,/faq/5180,眼花
877,584e52b32face0273c754932,红血丝 眼睛 眼药水,丁香园,/faq/3291,眼睛血丝
878,584e52b42face0273c754933,视网膜 视力 黄斑 变性,丁香园,/faq/3503,眼底病
879,584e52b52face0273c754934,眼睛 眼球 视力 视神经 眼 眼外伤,丁香园,/faq/3680,眼外伤
880,584e52b72face0273c754935,障碍 心理 精神 性 性格 心理治疗 情感 情绪 精神病 患病率 状态 感觉 过分 危害,丁香园,/faq/4623,癔症问答
881,584e52b82face0273c754936,疫苗 孩子,丁香园,/faq/5211,疫苗接种问答
882,584e52b92face0273c754937,疫苗,丁香园,/faq/5465,疫苗冷链
883,584e52ba2face0273c754938,疫苗 机体 活疫苗 病原体 细菌,丁香园,/faq/4780,疫苗
884,584e52bb2face0273c754939,牙龈 牙齿 牙槽骨 牙,丁香园,/faq/2624,牙龈退缩
885,584e52bc2face0273c75493a,龈炎 牙龈 牙龈炎 牙,丁香园,/faq/3864,牙龈炎
886,584e52bf2face0273c75493b,牙龈 牙龈炎,丁香园,/faq/3135,牙龈出血
887,584e52c02face0273c75493c,牙齿 单宁酸,丁香园,/faq/3814,牙齿黄
888,584e52c12face0273c75493d,牙齿 烤瓷牙 牙 牙套 隐形 钢丝 脸 关节病,丁香园,/faq/5855,牙齿正畸
889,584e52c22face0273c75493e,牙髓炎 根管 牙齿 牙髓,丁香园,/faq/2724,牙髓炎
890,584e52c32face0273c75493f,牙齿 牙 种植体 义齿 种植义齿 牙冠,丁香园,/faq/3022,牙缺失
891,584e52c42face0273c754940,牙线 牙缝 牙垢,丁香园,/faq/3635,牙线
892,584e52c52face0273c754941,根管 牙痛 疼痛,丁香园,/faq/2518,牙痛
893,584e52c82face0273c754942,牙周炎 牙齿 牙周 糖尿病,丁香园,/faq/4783,牙周病和糖尿病
894,584e52c92face0273c754943,牙周炎 牙齿 牙,丁香园,/faq/3375,牙周炎
895,584e52ca2face0273c754944,烟雾 病 血管,丁香园,/faq/4626,烟雾病（Moyamoya Disease）
896,584e52cb2face0273c754945,月经 经期 强度 屁股 初潮 水分 红糖,丁香园,/faq/3172,月经问题
897,584e52cc2face0273c754946,月经 女性 经期 月经周期 出血量,丁香园,/faq/5181,月经生理知识
898,584e52cd2face0273c754947,月经不调 月经 月经周期 卵巢 肿瘤 内分泌 内膜,丁香园,/faq/2380,月经失调
899,584e52cf2face0273c754948,时 恶心 盐酸 前庭 头晕 易感性 船 适应性 作业 血压 乘车 病,丁香园,/faq/5126,晕动病
900,584e52d02face0273c754949,血栓 静脉 抗体 磷脂 栓症,丁香园,/faq/4083,易栓症
901,584e52d12face0273c75494a,抗抑郁 药 情绪,丁香园,/faq/4253,抑郁症的药物治疗问答
902,584e52d22face0273c75494b,抗抑郁 药 念头 情绪 亲友 心理 感觉 心理治疗 酒精 风险 精神科 陪伴 精神 患病,丁香园,/faq/2258,抑郁症
903,584e52d32face0273c75494c,意识 障碍 状态 植物 时,丁香园,/faq/7450,意识障碍
904,584e52d42face0273c75494d,孕妇 胎儿 宫颈 宫素,丁香园,/faq/2806,引产
905,584e52d52face0273c75494e,孩子 异物 儿童 玩具,丁香园,/faq/3304,异物入喉
906,584e52d72face0273c75494f,宫外孕 输卵管 异位 阴道,丁香园,/faq/2556,异位妊娠
907,584e52d82face0273c754950,螺杆菌 幽门 胃粘膜 阳性 细菌 胃炎 性 溃疡 胃,丁香园,/faq/2725,幽门螺杆菌感染
908,584e52d92face0273c754951,幽门 螺杆菌,丁香园,/faq/5131,幽门螺杆菌
909,584e52da2face0273c754952,染发剂 有害物质 孕妇,丁香园,/faq/3404,孕期染发
910,584e52db2face0273c754953,体重,丁香园,/faq/3383,孕期体重
911,584e52dc2face0273c754954,地铁 射线 孕妇 电磁波 乘客,丁香园,/faq/3271,孕妇与辐射：防辐射服和安检机
912,584e52df2face0273c754955,孕妇 拍片 稿件,丁香园,/faq/3492,孕妇 X 线检查
913,584e52e12face0273c754956,女性 精子 胎儿 病毒 年龄 夫妇 男性 同房 染色体 质量 孕妇 剖腹产 夫妻 指 精液 畸形,丁香园,/faq/4291,孕前体检与准备
914,584e52e22face0273c754957,脐带 脐部 腿 护理 月经 闪光灯 尿片 残端 爸妈 皮肤 肚脐 时 产后 膝盖 眼睛 体重,丁香园,/faq/7006,婴幼儿护理常识（一）
915,584e52e32face0273c754958,婴儿 患儿 孩子 脑电图 镇静剂 儿童 皮质 综合征 病灶,丁香园,/faq/3988,婴儿痉挛
916,584e52e52face0273c754959,婴儿 综合征,丁香园,/faq/4348,婴儿猝死综合征
917,584e52e62face0273c75495a,夜盲 夜盲症 先天性 视网膜 患病,丁香园,/faq/2670,夜盲
918,584e52e72face0273c75495b,咽炎 急性 喉炎 咽部 咽喉炎 炎症 声带 咽喉 时 喉部,丁香园,/faq/2524,咽喉炎
919,584e52e82face0273c75495c,蜘蛛 毒液 蜈蚣 皮肤 蜜蜂 蝎子 蜂 孩子 头晕 疼痛,丁香园,/faq/6084,咬伤和蛰伤
920,584e52e92face0273c75495d,厌食症 体重 心理治疗 女性,丁香园,/faq/4634,厌食症
921,584e52ea2face0273c75495e,骨折 压缩性 骨质 椎体,丁香园,/faq/3066,压缩性骨折
922,584e52ec2face0273c75495f,压力 性 尿道 膀胱,丁香园,/faq/3459,压力性尿失禁
923,584e52ee2face0273c754960,乐 甲亢 激素 时 药 妇女 优甲乐 乐是 消胆胺,丁香园,/faq/4582,优甲乐
924,584e52ef2face0273c754961,时 蔬菜 高铁 皮肤 呼吸衰竭 胸闷 血液 褐色 误服 泡菜 食盐 剩菜 滚水 水 降钙素,丁香园,/faq/4735,亚硝酸盐中毒
925,584e52f02face0273c754962,乙肝疫苗 乙肝,丁香园,/faq/3230,乙肝疫苗
926,584e52f32face0273c754963,乙肝病毒 乙肝 新生儿 抗体 肝功能,丁香园,/faq/4082,乙肝母婴阻断
927,584e52f42face0273c754964,智齿 下颌 牙齿 疼痛,丁香园,/faq/3676,阻生牙
928,584e52f62face0273c754965,尿 性 阵发性 贫血,丁香园,/faq/4687,阵发性睡眠性血红蛋白尿
929,584e52f72face0273c754966,肌无力 重症 胸腺 危象,丁香园,/faq/2454,重症肌无力
930,584e52f82face0273c754967,胰腺炎 急性 重症,丁香园,/faq/7070,重症急性胰腺炎
931,584e52f92face0273c754968,干细胞 供者 细胞 骨髓,丁香园,/faq/3240,造血干细胞移植
932,584e52fa2face0273c754969,躁狂症 障碍 双相 情绪 入院 思维 时 服药,丁香园,/faq/2849,躁狂症
933,584e52fb2face0273c75496a,疼痛 神经 骨刺 瘤 跟腱 关节 舟骨 骨,丁香园,/faq/5598,足部疼痛
934,584e52fc2face0273c75496b,蛛网膜 下腔 头痛 血管,丁香园,/faq/2551,蛛网膜下腔出血
935,584e52fe2face0273c75496c,牙齿 龋齿 蛀牙 虫牙,丁香园,/faq/6391,蛀牙（龋齿、虫牙）之怎么吃
936,584e52ff2face0273c75496d,龋齿 牙齿 牙洞 疼痛,丁香园,/faq/2697,蛀牙
937,584e53002face0273c75496e,自闭症 儿童 患儿 孩子 疗法 障碍 父母,丁香园,/faq/4292,自闭症
938,584e53012face0273c75496f,肝炎 免疫性 肝 抗体 肝移植 肝病,丁香园,/faq/3677,自身免疫性肝炎
939,584e53022face0273c754970,胚胎 阴道 保胎 腹痛 女性 胎儿 先兆 月经 宫颈 指 染色体 时,丁香园,/faq/2558,自然流产
940,584e53042face0273c754971,脂肪肝 肝脏 脂肪 酒精性 肝硬化 肝 肝病,丁香园,/faq/2789,脂肪肝
941,584e53052face0273c754972,脂肪瘤 肿块,丁香园,/faq/2616,脂肪瘤
942,584e53062face0273c754973,性皮炎 脂溢 皮肤 皮脂 部位,丁香园,/faq/2668,脂溢性皮炎
943,584e53072face0273c754974,肿瘤 神经 淋巴瘤 畸胎瘤 恶性 瘤 囊肿 细胞,丁香园,/faq/7151,纵隔肿瘤
944,584e53082face0273c754975,气肿 气管 胸部 气体,丁香园,/faq/3495,纵隔气肿
945,584e53092face0273c754976,阴道 畸形 宫颈 时 月经 剖宫产 胚胎 胎儿,丁香园,/faq/4416,纵隔子宫
946,584e530a2face0273c754977,痔疮 肛门 直肠 静脉 痔,丁香园,/faq/2667,痔疮
947,584e530c2face0273c754978,患儿 孩子 注意力 多动症,丁香园,/faq/2708,注意力缺陷多动症
948,584e530d2face0273c754979,樟脑丸 婴幼儿 防虫 蚕豆病 稿件,丁香园,/faq/3662,樟脑丸
949,584e530e2face0273c75497a,躯体 植物神经 障碍 器官 肌肉 胸痛 内脏 时 神经症 机体 心电图 性 指 力,丁香园,/faq/7168,植物神经功能紊乱
950,584e530f2face0273c75497b,射精 包皮 阴茎 性生活 环切术,丁香园,/faq/2381,早泄
951,584e53102face0273c75497c,早搏,丁香园,/faq/4553,早搏
952,584e53112face0273c75497d,早产 孕妇 早产儿 宫颈,丁香园,/faq/3002,早产
953,584e53122face0273c75497e,痰 血管 黏液 肺 气道 儿童 纤毛 细菌 支气管镜 急性,丁香园,/faq/4086,支气管扩张症
954,584e53142face0273c75497f,哮喘 时 气雾剂 过敏原 气管 肺 皮质激素 气道,丁香园,/faq/2372,支气管哮喘
955,584e53152face0273c754980,手指 骨折 夹板,丁香园,/faq/4815,指骨折（闭合性）诊后须知
956,584e53162face0273c754981,甲 甲板 指甲 母质,丁香园,/faq/6830,指甲疾病
957,584e53172face0273c754982,心脏 心肌 高血压 时 冠心病 心率 心室 心衰 左室 血压,丁香园,/faq/4050,左心室肥大
958,584e53182face0273c754983,病毒 卡,丁香园,/faq/6339,寨卡病毒病
959,584e531a2face0273c754984,子痫 高血压 孕妇 血压,丁香园,/faq/3990,子痫
960,584e531b2face0273c754985,腺肌病 内膜 腺肌 栓塞 动脉 肌瘤,丁香园,/faq/3678,子宫腺肌病
961,584e531c2face0273c754986,阴道 盆底 盆腔 宫颈 肌肉 处女膜 时,丁香园,/faq/2984,子宫脱垂
962,584e531d2face0273c754987,肌瘤 肿瘤,丁香园,/faq/2073,子宫肌瘤
963,584e531e2face0273c754988,剖宫产 阴道 先兆 瘢痕 肌层 产科 间隔,丁香园,/faq/2726,子宫破裂
964,584e531f2face0273c754989,内膜 癌 孕激素 阴道,丁香园,/faq/3371,子宫内膜癌
965,584e53202face0273c75498a,内膜 膜炎 炎症 炎 急性子 白带,丁香园,/faq/3796,子宫内膜炎
966,584e53222face0273c75498b,息肉 内膜,丁香园,/faq/3033,子宫内膜息肉
967,584e53232face0273c75498c,内膜 异位症 卵巢 内异症 内异 症,丁香园,/faq/2776,子宫内膜异位症
968,584e53242face0273c75498d,内膜 女性,丁香园,/faq/6783,子宫内膜厚薄
969,584e53252face0273c75498e,椎间盘 神经 疼痛 肌肉 腰部 腰椎间盘 梨,丁香园,/faq/3553,坐骨神经痛
970,584e53262face0273c75498f,贫血 障碍性 骨髓,丁香园,/faq/3414,再生障碍性贫血
971,584e53282face0273c754990,侏儒症 生长激素 激素 性 垂体,丁香园,/faq/3679,侏儒症
972,584e53292face0273c754991,主动脉 夹层,丁香园,/faq/3991,主动脉夹层
973,584e532a2face0273c754992,高温 时 体温 水分 饮料 摄氏度 通风 盐分 重症 口渴 降温 高温作业 阴凉处,丁香园,/faq/2257,中暑
